original_cgid,deid_cgid
16174,89840
16175,93227
16176,32431
16177,80010
16178,42087
16179,31417
16180,70589
16181,59735
16182,45382
16183,93886
16184,83000
16185,38785
16186,99733
16187,52504
16188,17331
16189,40021
16190,14207
16191,51347
16192,62581
16193,45093
16194,18675
16195,37653
16196,84341
16197,51245
16198,37869
16199,95909
16200,75435
16201,61856
16202,94259
16203,70142
16204,28726
16205,44718
16206,28301
16207,42325
16208,83579
16209,80644
16210,44438
16211,86622
16212,66155
16213,86484
16214,62350
16215,57447
16216,38746
16217,28131
16218,76784
16219,74686
16220,21915
16221,16175
16222,24371
16223,30033
16224,92240
16225,30969
16226,99192
16227,65333
16228,88172
16229,18326
16230,60432
16231,60019
16232,88104
16233,71348
16234,79352
16235,42953
16236,82512
16237,11504
16238,99166
16239,25014
16240,99353
16241,80381
16242,44973
16243,94012
16244,54587
16245,24621
16246,48469
16247,66985
16248,30730
16249,69470
16250,10425
16251,44522
16252,75612
16253,33416
16254,76542
16255,23947
16256,91959
16257,49117
16258,93748
16259,76540
16260,89818
16261,36071
16262,30032
16263,59009
16264,31174
16265,80697
16266,79514
16267,10074
16268,88504
16269,52487
16270,74042
16271,12552
16272,24662
16273,57576
16274,50306
16275,41385
16276,17592
16277,41571
16278,84364
16279,20322
16280,21226
16281,73699
16282,19071
16283,79822
16284,26483
16285,26828
16286,96474
16287,72296
16288,82063
16289,31643
16290,44741
16291,79163
16292,89507
16293,65461
16294,37760
16295,80686
16296,36365
16297,50857
16298,62296
14891,98039
14892,95180
14893,58944
14894,67422
14895,77839
14896,69177
14897,25860
14898,42493
14899,39451
14900,18392
14901,54313
14902,12757
14903,87110
14904,82603
14905,40161
14906,87128
14907,38864
14908,10942
14909,19305
14910,92719
14911,17716
14912,40007
14913,18834
14914,14117
14915,53309
14916,19287
14917,77391
14918,41195
14919,46500
14920,97684
14921,73624
14922,38080
14923,80678
14924,27342
14925,84847
14926,85525
14927,71953
14928,41850
14929,71993
14930,63354
14931,34957
14932,22363
14933,22704
14934,96374
14935,66498
14936,56438
14937,65519
14938,63883
14939,71213
14940,17100
14941,98259
14942,95649
14943,94696
14944,22899
14945,17944
14946,62772
14947,54473
14948,24322
14949,42591
14950,35112
14951,34931
14952,80292
14953,68800
14954,28373
14955,65296
14956,34050
14957,46509
14958,70637
14959,42742
14960,19880
14961,68082
14962,82132
14963,22833
14964,16630
14965,95477
14966,80855
14967,11934
14968,22224
14969,40982
14970,31798
14971,63269
14972,73653
14973,73092
14974,38016
14975,62565
14976,17685
14977,31579
14978,59672
14979,10282
14980,61173
14981,44760
14982,69638
14983,47388
14984,65444
14985,82845
14986,96752
14987,73788
14988,30289
14989,34890
14990,48890
14991,38534
14992,17665
14993,85914
14994,81066
14995,17989
14996,51104
14997,17492
14998,16572
14999,86569
15000,72493
15001,75909
15002,79615
15003,30635
15004,17455
15005,76562
15006,20500
15007,34356
15008,18981
15009,87992
15010,18907
15011,98501
15012,40828
15013,62923
15014,25713
15015,84668
15016,42271
15017,85880
15018,87924
15019,15209
15020,91183
15021,20745
15022,64948
15023,96163
15024,86503
15025,84085
15026,78522
15027,51467
15028,44179
15029,36772
15030,97782
15031,51180
14554,41285
14555,44814
14556,61876
14557,27154
14558,94607
14559,49321
14560,69929
14561,51441
14562,19508
14563,11220
14564,70068
14565,91416
14566,83792
14567,23104
14568,19602
14569,80468
14570,37938
14571,76307
14572,27361
14573,55745
14574,19016
14575,42018
14576,58434
14577,47353
14578,30676
14579,67433
14580,81200
14581,49651
14582,90173
14583,95717
14584,79329
14585,11025
14586,97538
14587,82692
14588,49240
14589,96951
14590,23577
14591,27601
14592,44664
14593,25129
14594,24029
14595,30374
14596,45697
14597,46930
14598,89276
14599,37607
14600,54942
14601,36685
14602,93130
14603,44600
14604,76244
14605,74032
14606,42914
14607,16658
14608,22097
14609,93136
14610,65518
14611,46265
14612,15778
14613,10464
14614,53719
14615,27146
14616,93507
14617,44335
14618,31178
14619,67912
14620,82309
14621,66057
14622,83519
14623,11267
14624,24663
14625,19862
14626,29536
14627,81511
14628,14722
14629,58393
14630,86350
14631,82420
14632,29410
14633,66333
14634,26704
14635,15482
14636,50404
14637,57795
14638,15229
14639,56898
14640,37535
14641,99399
14642,42706
14643,97416
14644,23473
14645,56357
14646,83385
14647,63264
14648,91351
14649,30257
14650,41029
14651,31299
14652,33206
14653,64040
14654,13248
14655,33509
14656,53540
14657,63964
14658,97806
14659,42527
14660,44970
14661,30866
14662,24168
14663,60140
14664,15075
14665,71694
14666,39154
14667,36158
14668,70332
14669,55830
14670,50001
14671,39831
14672,39219
14673,13101
14674,96511
14675,35313
14676,62227
14677,53025
14678,46517
14679,19099
14680,46585
14681,56025
14682,94080
14683,76768
14684,62386
14685,99065
14686,80282
14687,53404
14688,13617
14689,25118
14690,44237
14691,33405
14692,86099
14693,44795
14694,15014
14695,24208
14696,88193
14697,66959
14698,55309
14699,51114
14700,67199
14701,89457
14702,77033
14703,25157
14704,60488
14705,85574
14706,34914
14707,43386
14708,15817
14709,67154
14710,10221
14711,78146
14712,80575
14713,97900
14714,35825
14715,57739
14716,66531
14717,19171
14718,97062
14719,53279
14720,91678
14721,51145
14722,26334
14723,49363
14724,76469
14725,50538
14726,97410
14727,63528
14728,52753
14729,62743
14730,48752
14731,82667
14732,26683
14733,35144
14734,65108
14735,97153
14736,59695
14737,98777
14738,32810
14739,90676
14740,84593
14741,49446
14742,63225
14743,81819
14744,10053
14745,49829
14746,47606
14747,37549
14748,66346
14749,86019
14750,89516
14751,95813
14752,52237
14753,70946
14754,67905
14755,67954
14756,98555
14757,38010
14758,77000
14759,72021
14760,32241
14761,96356
14762,21114
14763,47196
14764,77561
14765,97012
14766,92960
14767,91167
14768,53933
14769,22240
14770,40784
14771,98184
14772,50687
14773,39444
14774,36100
14775,29313
14776,13201
14777,16057
14778,42092
14779,72277
14780,90120
14781,19545
14782,69692
14783,64321
14784,92544
14785,85454
14786,35485
14787,60328
14788,74799
14789,62383
14790,41979
14791,29342
14792,95990
14793,10726
14794,23970
14795,65724
14796,38683
14797,33053
14798,77889
14799,70889
14800,16582
14801,83060
14802,42662
14803,25906
14804,69829
14805,27477
14806,70901
14807,97500
14808,79616
14809,83259
14810,88047
14811,51588
14812,68008
14813,90301
14814,76162
14815,65933
14816,81810
14817,68446
14818,30861
14819,72216
14820,68991
14821,43972
14822,42406
14823,93579
14824,46347
14825,78327
14826,73517
14827,92149
14828,41358
14829,45992
14830,67654
14831,20155
14832,47450
14833,40735
14834,45614
14835,54020
14836,51904
14837,80798
14838,20561
14839,28136
14840,29769
14841,40311
14842,60205
14843,30028
14844,38043
14845,18418
14846,64377
14847,63424
14848,53369
14849,81121
14850,71069
14851,64496
14852,18161
14853,37110
14854,65069
14855,61049
14856,86556
14857,12560
14858,85456
14859,59857
14860,72518
14861,10772
14862,56105
14863,49139
14864,61116
14865,64921
14866,80545
14867,81582
14868,89069
14869,38906
14870,73993
14871,38760
14872,45774
14873,67125
14874,73654
14875,13804
14876,60968
14877,54057
14878,97670
14879,99016
14880,62994
14881,31632
14882,71261
14883,26728
14884,91560
14885,80008
14886,13534
14887,61645
14888,87580
14889,83975
14890,96900
14001,13552
14002,21003
14003,94246
14004,66179
14005,27786
14006,70515
14007,33819
14008,16590
14009,44099
14010,59689
14011,52906
14012,37742
14013,69598
14014,52840
14015,54236
14016,59692
14017,46471
14018,65255
14019,43065
14020,20735
14021,71644
14022,12540
14023,80702
14024,16826
14025,55870
14026,39389
14027,95215
14028,18993
14029,95426
14030,15276
14031,14067
14032,42411
14033,36130
14034,12671
14035,91439
14036,29973
14037,41266
14038,26544
14039,72070
14040,97747
14041,24993
14042,83920
14043,38569
14044,70952
14045,43586
14046,58351
14047,31992
14048,89415
14049,89593
14050,25012
14051,31465
14052,50768
14053,85849
14054,13365
14055,50888
14056,85470
14057,98781
14058,59192
14059,61990
14060,35995
14061,19961
14062,87607
14063,92213
14064,41830
14065,23356
14066,49529
14067,99687
14068,88697
14069,25866
14070,84177
14071,15383
14072,55508
14073,79827
14074,66148
14075,96706
14076,58571
14077,19038
14078,76317
14079,94874
14080,54725
14081,11658
14082,65057
14083,74251
14084,23833
14085,66822
14086,57472
14087,93307
14088,70258
14089,30052
14090,67080
14091,33086
14092,78386
14093,95256
14094,45400
14095,90728
14096,80539
14097,73372
14098,70931
14099,67091
14100,87656
14101,45179
14102,52245
14103,42177
14104,21359
14105,46559
14106,69087
14107,41963
14108,70910
14109,84691
14110,89997
14111,97580
14112,59674
14113,54092
14114,13761
14115,74789
14116,52600
14117,33834
14118,73904
14119,37802
14120,56507
14121,43862
14122,54608
14123,46655
14124,88139
14125,46211
14126,82848
14127,11330
14128,77715
14129,35042
14130,21221
14131,41635
14132,63271
14133,74038
14134,82768
14135,41499
14136,72402
14137,94659
14138,74332
14139,68743
14140,12260
14141,22196
14142,48566
14143,39045
14144,63005
14145,41890
14146,50135
14147,97026
14148,86225
14149,58368
14150,72031
14151,82544
14152,79588
14153,55056
14154,65771
14155,82140
14156,53357
14157,56112
14158,69473
14159,45509
14160,50189
14161,42951
14162,40217
14163,25814
14164,35242
14165,51359
14166,25670
14167,80236
14168,34267
14169,35105
14170,38361
14171,73464
14172,46241
14173,87278
14174,78765
14175,88222
14176,47093
14177,23176
14178,35443
14179,48829
14180,39816
14181,57301
14182,33519
14183,49618
14184,11854
14185,26591
14186,45954
14187,15965
14188,17146
14189,82529
14190,48290
14191,26551
14192,93606
14193,74340
14194,23446
14195,11607
14196,85243
14197,47268
14198,71524
14199,72746
14200,67733
14201,54657
14202,34164
14203,16734
14204,43092
14205,72616
14206,24953
14207,18564
14208,62521
14209,74454
14210,19710
14211,85631
14212,92502
14213,99974
14214,17026
14215,29887
14216,29555
14217,83772
14218,49824
14219,21164
14220,42530
14221,25525
14222,83147
14223,64548
14224,89471
14225,88135
14226,91057
14227,39581
14228,78494
14229,59856
14230,69049
14231,68028
14232,48974
14233,87139
14234,66207
14235,50026
14236,84531
14237,91399
14238,17894
14239,89905
14240,23006
14241,37235
14242,91987
14243,37659
14244,44687
14245,96563
14246,20641
14247,30585
14248,41439
14249,32782
14250,82350
14251,19838
14252,30517
14253,10350
14254,63545
14255,69048
14256,87832
14257,71592
14258,48175
14259,14278
14260,40340
14261,47762
14262,47056
14263,69510
14264,19329
14265,40595
14266,44675
14267,91927
14268,87304
14269,96662
14270,35928
14271,65723
14272,25043
14273,81376
14274,39466
14275,94886
14276,29528
14277,44816
14278,28643
14279,19359
14280,17816
14281,31747
14282,50319
14283,87993
14284,84607
14285,47828
14286,67560
14287,26299
14288,71433
14289,49857
14290,62757
14291,45683
14292,75597
14293,80776
14294,74722
14295,67377
14296,20543
14297,88385
14298,15224
14299,66626
14300,52247
14301,89129
14302,42816
14303,13390
14304,21970
14305,40005
14306,98381
14307,85392
14308,86955
14309,12719
14310,98117
14311,45325
14312,85529
14313,15273
14314,32962
14315,71669
14316,78021
14317,95394
14318,67963
14319,46458
14320,33788
14321,86720
14322,67132
14323,93202
14324,74451
14325,21959
14326,71605
14327,55607
14328,63523
14329,53687
14330,52081
14331,97835
14332,23710
14333,31079
14334,53228
14335,63955
14336,74942
14337,47777
14338,96846
14339,62488
14340,82102
14341,14809
14342,69614
14343,21542
14344,51224
14345,43082
14346,52372
14347,25194
14348,62976
14349,77449
14350,10150
14351,96200
14352,81118
14353,70552
14354,64165
14355,17104
14356,34586
14357,77952
14358,57419
14359,91609
14360,75338
14361,91973
14362,67939
14363,16764
14364,36680
14365,45003
14366,81987
14367,27172
14368,47752
14369,67424
14370,73532
14371,25915
14372,13783
14373,92578
14374,89806
14375,41365
14376,30758
14377,50730
14378,82199
14379,11792
14380,82384
14381,63476
14382,22217
14383,24871
14384,70482
14385,25396
14386,94896
14387,30181
14388,75323
14389,48254
14390,76698
14391,45838
14392,64459
14393,73242
14394,71894
14395,41946
14396,69871
14397,82255
14398,28958
14399,60277
14400,34983
14401,88561
14402,76616
14403,27892
14404,19150
14405,46208
14406,64387
14407,54548
14408,76550
14409,45018
14410,10336
14411,47072
14412,49132
14413,86931
14414,86011
14415,96499
14416,74178
14417,29476
14418,68529
14419,80592
14420,73483
14421,55236
14422,53573
14423,82340
14424,81228
14425,59441
14426,69682
14427,52176
14428,34727
14429,41300
14430,84946
14431,60196
14432,40613
14433,63841
14434,15720
14435,51704
14436,59968
14437,60604
14438,96991
14439,95461
14440,29936
14441,74923
14442,14852
14443,26547
14444,75836
14445,87356
14446,53515
14447,23154
14448,67711
14449,23069
14450,78937
14451,69890
14452,12011
14453,28894
14454,63736
14455,95823
14456,30232
14457,19807
14458,71537
14459,44737
14460,54375
14461,91691
14462,62098
14463,95175
14464,20527
14465,53065
14466,98389
14467,79942
14468,59808
14469,51505
14470,92155
14471,73956
14472,80912
14473,14705
14474,90931
14475,18968
14476,40771
14477,92727
14478,99705
14479,47667
14480,39817
14481,21846
14482,66881
14483,22903
14484,93066
14485,23173
14486,68153
14487,31805
14488,49251
14489,13794
14490,16028
14491,52516
14492,17355
14493,48452
14494,56984
14495,59131
14496,66450
14497,29080
14498,42007
14499,79621
14500,64008
14501,99364
14502,33600
14503,32280
14504,32946
14505,20350
14506,89887
14507,91226
14508,99539
14509,41566
14510,75230
14511,86435
14512,28758
14513,40433
14514,70443
14515,93611
14516,43289
14517,70236
14518,43466
14519,97404
14520,11231
14521,70981
14522,47700
14523,98815
14524,81643
14525,30706
14526,19681
14527,67898
14528,55293
14529,87014
14530,49210
14531,93746
14532,65615
14533,42780
14534,69878
14535,49599
14536,36111
14537,60422
14538,73335
14539,23979
14540,41091
14541,59986
14542,84963
14543,57049
14544,85341
14545,48780
14546,48696
14547,12875
14548,96275
14549,61879
14550,45976
14551,11061
14552,99889
14553,16428
15949,89482
15950,75107
15951,47512
15952,40162
15953,89569
15954,56179
15955,38705
15956,93442
15957,34920
15958,91381
15959,42850
15960,98835
15961,96400
15962,99241
15963,27927
15964,92345
15965,22735
15966,92242
15967,94717
15968,15167
15969,50492
15970,67779
15971,14373
15972,85965
15973,57823
15974,27224
15975,21813
15976,48680
15977,52823
15978,64460
15979,33021
15980,36318
15981,27322
15982,80701
15983,57953
15984,79579
15985,75771
15986,45720
15987,31567
15988,43681
15989,73156
15990,48684
15991,54396
15992,25095
15993,71385
15994,19869
15995,28449
15996,39571
15997,98647
15998,98395
15999,62089
16000,83048
16001,57942
16002,21836
16003,61717
16004,11824
16005,44663
16006,80329
16007,26199
16008,69609
16009,58311
16010,98188
16011,98125
16012,44362
16013,86619
16014,59941
16015,93695
16016,58689
16017,24201
16018,98452
16019,40647
16020,71797
16021,13280
16022,91205
16023,83584
16024,52992
16025,89964
16026,39015
16027,94889
16028,18285
16029,93283
16030,70852
16031,49608
16032,95097
16033,63516
16034,25292
16035,28320
16036,15943
16037,14877
16038,49893
16039,74569
16040,25220
16041,22739
16042,40775
16043,80457
16044,27781
16045,60940
16046,69459
16047,58629
16048,97881
16049,80804
16050,64935
16051,86983
16052,30253
16053,64379
16054,95841
16055,22978
16056,74139
16057,90694
16058,63492
16059,46666
16060,14288
16061,58566
16062,38477
16063,68115
16064,68287
16065,40947
16066,57537
16067,23022
16068,99873
16069,58147
16070,81364
16071,94518
16072,57012
16073,17936
16074,62184
16075,46160
16076,34878
16077,26011
16078,69600
16079,22015
16080,96870
16081,37801
16082,94109
16083,93819
16084,88269
16085,12799
16086,16629
16087,53713
16088,41925
16089,26505
16090,84000
16091,36896
16092,18992
16093,82641
16094,37152
16095,86858
16096,38305
16097,40539
16098,53064
16099,29340
16100,88116
16101,10371
16102,46342
16103,28964
16104,27038
16105,80807
16106,42853
16107,32871
16108,24408
16109,96646
16110,13379
16111,27275
16112,11947
16113,56955
16114,41186
16115,87182
16116,52437
16117,12068
16118,32838
16119,44782
16120,16868
16121,26614
16122,65176
16123,78955
16124,24896
16125,18330
16126,72422
16127,68756
16128,57453
16129,77271
16130,87812
16131,24293
16132,69245
16133,76039
16134,39038
16135,90623
16136,15683
16137,96363
16138,78347
16139,49535
16140,70036
16141,94323
16142,14082
16143,17972
16144,72781
16145,62640
16146,65872
16147,99928
16148,24150
16149,74260
16150,68138
16151,19632
16152,20589
16153,52219
16154,89730
16155,29442
16156,18609
16157,26540
16158,46046
16159,91830
16160,92978
16161,86724
16162,81874
16163,52622
16164,59925
16165,88301
16166,79541
16167,48652
16168,69469
16169,76263
16170,89354
16171,66387
16172,22999
16173,24996
16731,95814
16732,95316
16733,82264
16734,38183
16735,66370
16736,69186
16737,39949
16738,64239
16739,54424
16740,69441
16741,62262
16742,64524
16743,22463
16744,50966
16745,65936
16746,50963
16747,97177
16748,43408
16749,59060
16750,30006
16751,72163
16752,18799
16753,21957
16754,21188
16755,22219
16756,66606
16757,22656
16758,58843
16759,27054
16760,82924
16761,17861
16762,86869
16763,83608
16764,83620
16765,53207
16766,97819
16767,26021
16768,63845
16769,56346
16770,97207
16771,65435
16772,16743
16773,88696
16774,50953
16775,56090
16776,23579
16777,85748
16778,76507
16779,37884
16780,30280
16781,96079
16782,73201
16783,39392
16784,24184
16785,55890
16786,82910
16787,58176
16788,25058
16789,46512
16790,85248
16791,39643
16792,66244
16793,83526
16794,91490
16795,90422
16796,98470
16797,94239
17363,82972
17364,13441
17365,89822
17366,96223
17367,45054
17368,33647
17369,45818
17370,50499
17371,54541
17372,56009
17373,10800
17374,33777
17375,28776
17376,84228
17377,96159
17378,62531
17379,19120
17380,28595
17381,92991
17382,14018
17383,22026
17384,79531
17385,38197
17386,59308
17387,65028
17388,69460
17389,54681
17390,30631
17391,58503
17392,50846
17393,52517
17394,84395
17395,88148
17396,21135
17397,16895
17398,30392
17399,30632
17400,90981
17401,16522
17402,98338
17403,20693
17404,45665
17405,68079
17406,96761
17407,65576
17408,73656
17409,89570
17410,64287
17411,45804
17412,38255
17413,77154
17414,24918
17415,55242
17416,66349
17417,24534
17418,47125
17419,98895
17420,98930
17421,87743
17422,73783
17423,79066
17424,97442
17425,50425
17426,15952
17427,38903
17428,61807
17429,88554
17430,17180
17431,11007
17432,36794
17433,49507
17434,37686
17435,27987
17436,43491
17437,47938
17438,53007
17439,25726
17440,11013
17441,75193
17442,66446
17443,33028
17444,26932
17445,59834
17446,79806
17447,75570
17448,83233
17449,97562
17450,56421
17451,19447
17452,62044
17453,15544
17454,67176
17455,12456
17456,70260
17457,20205
17458,51033
17459,85465
17460,66267
17461,85156
17462,63008
17463,93904
17464,64747
17465,47947
17466,25096
17467,63088
17468,12733
17469,52568
17470,32527
17471,91018
17472,70305
17473,57428
17474,21551
17475,67240
17476,23875
17477,41891
17478,67104
17479,87184
17480,62487
17481,78676
17482,20308
17483,61873
17484,50668
17485,54500
17486,39041
17487,53655
17488,32037
17489,20011
17490,76910
17491,92998
17492,24945
17493,79547
17494,76840
17495,35415
17496,55793
17497,56019
17498,94599
17499,29358
17500,40968
17501,23474
17502,29194
17503,43550
17504,35856
17505,32740
17506,88957
17507,30036
17508,95918
17509,19876
17510,33218
17511,92306
17512,74764
17513,70811
17514,83889
17515,85952
17516,68838
17517,99277
17518,83989
17519,94278
17520,93269
17521,91857
17522,52363
17523,92210
17524,51436
17525,29786
17526,67640
17527,18950
17528,71462
17529,67961
17530,92756
17531,49691
17532,46002
17533,87518
17534,17362
17535,56129
17536,76497
17537,19724
17538,50685
17539,70521
17540,69233
17541,14929
17542,17456
17543,58331
17544,47627
17545,20057
17546,94497
17547,21835
17548,90610
16798,87867
16799,76462
16800,60394
16801,70648
16802,86064
16803,82655
16804,15376
16805,68947
16806,84928
16807,95437
16808,34672
16809,52143
16810,89299
16811,72341
16812,75715
16813,29773
16814,18109
16815,69050
16816,23566
16817,55015
16818,21053
16819,76132
16820,94689
16821,32617
16822,15130
16823,42472
16824,67595
16825,78690
16826,78517
16827,89928
16828,30807
16829,57696
16830,58870
16831,47079
16832,60779
16833,63578
16834,54350
16835,98984
16836,88366
16837,16863
16838,92691
16839,94843
16840,53863
16841,18639
16842,53213
16843,22387
16844,83133
16845,98916
16846,60667
16847,47243
16848,43029
16849,96057
16850,88997
16851,29709
16852,53694
16853,20682
16854,86380
16855,96980
16856,28537
16857,55851
16858,50662
16859,96787
16860,61374
16861,26901
16862,21104
16863,50577
16864,59372
16865,94343
16866,53054
16867,26750
16868,97833
16869,99838
16870,78995
16871,22249
16872,94675
16873,97878
16874,65496
16875,76648
16876,57425
16877,12389
16878,57526
16879,50483
16880,33627
16881,38074
16882,54791
16883,73736
16884,35166
16885,39693
16886,28030
16887,30308
16888,20114
16889,48770
16890,23256
16891,76543
16892,80748
16893,79013
16894,14947
16895,96760
16896,54140
16897,91006
16898,27176
16899,88282
16900,59377
16901,30218
16902,31266
16903,33703
16904,91885
16905,31697
16906,67366
16907,15726
16908,63852
16909,57749
16910,98652
16911,41133
16912,68222
16913,90031
16914,47346
16915,68841
16916,40671
16917,79993
16918,41348
16919,50562
16920,71474
16921,35430
16922,58213
16923,98907
16924,84766
16925,67749
16926,70513
16927,46932
16928,60052
16929,75916
16930,79135
16931,64874
16932,31241
16933,36174
16934,89254
16935,28140
16936,42768
16937,16839
16938,94040
16939,72991
16940,58655
16941,82684
16942,77621
16943,26341
16944,47363
16945,20993
16946,31012
16947,45755
16948,68893
16949,77286
16950,67340
16951,22021
16952,39102
16953,69130
16954,55820
16955,13495
16956,64381
16957,16980
16958,61964
16959,75799
16960,59015
16961,40903
16962,60615
16963,20696
16964,59140
16965,39430
16966,13694
16967,51770
16968,22987
16969,95191
16970,53947
16971,29142
16973,28035
16974,15020
16975,47601
16976,71925
16977,28191
16978,71487
16979,68799
16980,90654
16981,10688
16982,20384
16983,12490
16984,43544
16985,38266
16986,29597
16987,81932
16988,89807
16989,79176
16990,65476
16991,24573
16992,41147
16993,49472
16994,25970
16995,16258
16996,41252
16997,65027
16998,91633
16999,69914
17000,18232
17001,24530
17002,75513
17003,88215
17004,80261
17005,12154
17006,92831
17007,77551
17008,85372
17009,41711
17010,28818
17011,48177
17012,66261
17013,10205
17014,90584
17015,56244
17016,41531
17017,84798
17018,64600
17019,34551
17020,97080
17021,97584
17022,78614
17023,57265
17024,18870
17025,78951
17026,81313
17027,76496
17028,76535
17029,82633
17030,12665
17031,61177
17032,71621
17033,15706
17034,93318
17035,60709
17036,58929
17037,43246
17038,12128
17039,56805
17040,18855
17041,55193
17042,41604
17043,96127
17044,92346
17045,23587
17046,86271
17047,53583
17048,27486
17049,15811
17050,56176
17051,81567
17052,54374
17053,94252
17054,32949
17055,99742
17056,70899
17057,72722
17058,92802
17059,33891
17060,27675
17061,18270
17062,69988
17063,14847
17064,48462
17065,36422
17066,15741
17067,36144
17068,15492
17069,51365
17070,50642
17071,77552
17072,62196
17073,81176
17074,72049
17075,43202
17076,14799
17077,94790
17078,35048
17079,47501
17080,56789
17081,16265
17082,95948
17083,53506
17084,45811
17085,26315
17086,58237
17087,67272
17088,62431
17089,67637
17090,60678
17091,54438
17092,34486
17093,75038
17094,75211
17095,58148
17096,78062
17097,44959
17098,20828
17099,65640
17100,20345
17101,66440
17102,88964
17103,33652
17104,81496
17105,48504
17106,52101
17107,23447
17108,20494
17109,52981
17110,96628
17111,48750
17112,50173
17113,68447
17114,88986
17115,65851
17116,31842
17117,68183
17118,56077
17119,68606
17120,15551
17121,56210
17122,90589
17123,67008
17124,45986
17125,93816
17126,17518
17127,19835
17128,97973
17129,93560
17130,63242
17131,57619
17132,77251
17133,99051
17134,14081
17135,28714
17136,89635
17137,98878
17138,67432
17139,14561
17140,26545
17141,18812
17142,40932
17143,94562
17144,58015
17145,57467
17146,60181
17147,84349
17148,14244
17149,89310
17150,30111
17151,99006
17152,68972
17153,58623
17154,58760
17155,68188
17156,20077
17157,85225
17158,28047
17159,79397
17160,58096
17161,62171
17162,51207
17163,95139
17164,46528
17165,42717
17166,24869
17167,13396
17168,34385
17169,75410
17170,77861
17171,60723
17172,83619
17173,25435
17174,44311
17175,44116
17176,68493
17177,38124
17178,90199
17179,47431
17180,74382
17181,36237
17182,26074
17183,27790
17184,19706
17185,69250
17186,32630
17187,68341
17188,21506
17189,99381
17190,51889
17191,97535
17192,55537
17193,18511
17194,82089
17195,81063
17196,48058
17197,49315
17198,30644
17199,93584
17200,32818
17201,57381
17202,76683
17203,39391
17204,25907
17205,36342
17206,28202
17207,74752
17208,13445
17209,57303
17210,82616
17211,85009
17212,58353
17213,71263
17214,82305
17215,27009
17216,90209
17217,21300
17218,18617
17219,50539
17220,62187
17221,72739
17222,78903
17223,63843
17224,63665
17225,85353
17226,19666
17227,26426
17228,51553
17229,94192
17230,19720
17231,68979
17232,71057
17233,99143
17234,77811
17235,55156
17236,26821
17237,82260
17238,93859
17239,87042
17240,33850
17241,26912
17242,66704
17243,75911
17244,17263
17245,26274
17246,77908
17247,30056
17248,49862
17249,31581
17250,31229
17251,52291
17252,39552
17253,55353
17254,78012
17255,47230
17256,20336
17257,42847
17258,35729
17259,93238
17260,45972
17261,26406
17262,91922
17263,90534
17264,79924
17265,22245
17266,75873
17267,94015
17268,32103
17269,87569
17270,86106
17271,30210
17272,32439
17273,96341
17274,91851
17275,89316
17276,54252
17277,83874
17278,15399
17279,13718
17280,20646
17281,15958
17282,94076
17283,85598
17284,44688
17285,95344
17286,37631
17287,84991
17288,64602
17289,91016
17290,93753
17291,13969
17292,75278
17293,92203
17294,81509
17295,47967
17296,94136
17297,49596
17298,73300
17299,42096
17300,99783
17301,63227
17302,48985
17303,69446
17304,19564
17305,17852
17306,30719
17307,67619
17308,64476
17309,73471
17310,70875
17311,36741
17312,54589
17313,28830
17314,50970
17315,51853
17316,55268
17317,62260
17318,27139
17319,58567
17320,77499
17321,83616
17322,23917
17323,51827
17324,41685
17325,71141
17326,26059
17327,45058
17328,68929
17329,42495
17330,28465
17331,22689
17332,16632
17333,48038
17334,60351
17335,90658
17336,64805
17337,42541
17338,30932
17339,52917
17340,85718
17341,50988
17342,34881
17343,30885
17344,75308
17345,77466
17346,71186
17347,75373
17348,50441
17349,75191
17350,13037
17351,21802
17352,61543
17353,76249
17354,69930
17355,41552
17356,38199
17357,86460
17358,56254
17359,16377
17360,16624
17361,46877
17362,74866
18625,88317
18626,95755
18627,98148
18628,71680
18629,47453
18630,80345
18631,11071
18632,24089
18633,66482
18634,27555
18635,57943
18636,62855
18637,57964
18638,15930
18639,62505
18640,16705
18641,84747
18642,83638
18643,35513
18644,57516
18645,47827
18646,19637
18647,60639
18648,76093
18649,69028
18650,82070
18651,46663
18652,91689
18653,99181
18654,90090
18655,25572
18656,26864
18657,22672
18658,61629
18659,58915
18660,54444
18661,83116
18662,57920
18663,28909
18664,36090
18665,88966
18666,76731
18667,62610
18668,75546
18669,15938
18670,15100
18671,27961
18672,53652
18673,72094
18674,78069
18675,69898
18676,29521
18677,89463
18678,77568
18679,28321
18680,52987
18681,90356
18682,51750
18683,61505
15032,90805
15033,49221
15034,87820
15035,54089
15036,76494
15037,76809
15038,79774
15039,74205
15040,83783
15041,49294
15042,72245
15043,12180
15044,58281
15045,53416
15046,98317
15047,24366
15048,64596
15049,86507
15050,50327
15051,92478
15052,13492
15053,88238
15054,72205
15055,44803
15056,95929
15057,85821
15058,85711
15059,39824
15060,16731
15061,86483
15062,72973
15063,32349
15064,78712
15065,92447
15066,91230
15067,59832
15068,29369
15069,99224
15070,41745
15071,14138
15072,85047
15073,24404
15074,35006
15075,12482
15076,67807
15077,51116
15078,64890
15079,29848
15080,64127
15081,36724
15082,63788
15083,75774
15084,90147
15085,71814
15086,18163
15087,28098
15088,77984
15089,37176
15090,83516
15091,52604
15092,96799
15093,72701
15094,78875
15095,59391
15096,51124
15097,32699
15098,70249
15099,79878
15100,54869
15101,81601
15102,56437
15103,98587
15104,99226
15105,94319
15106,44650
15107,89963
15108,73462
15109,35200
15110,42311
15111,46569
15112,83149
15113,49124
15114,39473
15115,49008
15116,47880
15117,37168
15118,74094
15119,51555
15120,72888
15121,55718
15122,83464
15123,45842
15124,47721
15125,25974
15126,85166
15127,98686
15128,81197
15129,59767
15130,61712
15131,55237
15132,29198
15133,48070
15134,15513
15135,20358
15136,55398
15137,67983
15138,95979
15139,43612
15140,72793
15141,38047
15142,36485
15143,45537
15144,83664
15145,45601
15146,27992
15147,24316
15148,90698
15149,86917
15150,41363
15151,41779
15152,16653
15153,97796
15154,79604
15155,39579
15156,93616
15157,40518
15158,16880
15159,23133
15160,64172
15161,53292
15162,71918
15163,23178
15164,99285
15165,28018
15166,10679
15167,82135
15168,30701
15169,63334
15170,95575
15171,72350
15172,72580
15173,95267
15174,36143
15175,47649
15176,52096
15177,47409
15178,17754
15179,21725
15180,95498
15181,85252
15182,40437
15183,80143
15184,14888
15185,64773
15186,33040
15187,14763
15188,62034
15189,74930
15190,34420
15191,47941
15192,14910
15193,11214
15194,49110
15195,84443
15196,89007
15197,24064
15198,53914
15199,47298
15200,69552
15201,94058
15202,81211
15203,78723
15204,74738
15205,27589
15206,76088
15207,71344
15208,45761
15209,35272
15210,24764
15211,53343
15212,31298
15213,70150
15214,94972
15215,43720
15216,34405
15217,11846
15218,54185
15219,48669
15220,84420
15221,35318
15222,33002
15223,90079
15224,93719
15225,63148
15226,66059
15227,77538
15228,52982
15229,21368
15230,62538
15231,97720
15232,22502
15233,34219
15234,28430
15235,52415
15236,42512
15237,10895
15238,44181
15239,60275
15240,40870
15241,68554
15242,44995
15243,53204
15244,49576
15245,86344
15246,85088
15247,11498
15248,44282
15249,95679
15250,57127
15251,40972
15252,18142
15253,97528
15254,25495
15255,71000
15256,50213
15257,30934
15258,63138
15259,99925
15260,75866
15261,50760
15262,25389
15263,93717
15264,48671
15265,58174
15266,90560
15267,38947
15268,38721
15269,27507
15270,72676
15271,30078
15272,69634
15273,89395
15274,58971
15275,64505
15276,81989
15277,71712
15278,80453
15279,97044
15280,38627
15281,42435
15282,99173
15283,88094
15284,20730
15285,78879
15286,68556
15287,79228
15288,20237
15289,83946
15290,24707
15291,18094
15292,81781
15293,76255
15294,36497
15295,85065
15296,80341
15297,29641
15298,31566
15299,78202
15300,25235
15301,99167
15302,36922
15303,86434
15304,74071
15305,21919
15306,76895
15307,68390
15308,17292
15309,69432
15310,27294
15311,77272
15312,64450
15313,69873
15314,83912
15315,17567
15316,83242
15317,70604
15318,98181
15319,50392
15320,12853
15321,61897
15322,43352
15323,10395
15324,38560
15325,85800
15326,19572
15327,15936
15328,65534
15329,55158
15330,18357
15331,80931
15332,17897
15333,19046
15334,71875
15335,14159
15336,47629
15337,63591
15338,33590
15339,27750
15340,94085
15341,94656
15342,65097
15343,59081
15344,60132
15345,68790
15346,59479
15347,59236
15348,20518
15349,99486
15350,96742
15351,80687
15352,27431
15353,95660
15354,55582
15355,25549
15356,33392
15357,80419
15358,61518
15359,79316
15360,26691
15361,39188
15362,10455
15363,12979
15364,49107
15365,70686
15366,98276
15367,81361
15368,65591
15369,79721
15370,59712
15371,40102
15372,42441
15373,70375
15374,55371
15375,30332
15376,46129
15377,34704
15378,24790
15379,14222
15380,96533
15381,64950
15382,90599
15383,12050
15384,41544
15385,37011
15386,18819
15387,23224
15388,87849
15389,14400
15390,68515
15391,88352
15392,98083
15393,16380
15394,42077
15395,15798
15396,62725
15397,67535
15398,40715
15399,80747
15400,17398
15401,28367
15402,76046
15403,47914
15404,40692
15405,85511
15406,51799
15407,85690
15408,88370
15409,98150
15410,52030
15411,41051
15412,49552
15413,28777
15414,96535
15415,78321
15416,38972
15417,64206
15418,49387
15419,46064
15420,82970
15421,87550
15422,32955
15423,92050
15424,98965
15425,65994
15426,82856
15427,74962
15428,16145
15429,55143
15430,94320
15431,97994
15432,59958
15433,78742
15434,51777
15435,64568
15436,63511
15437,29558
15438,49306
15439,59343
15440,34101
15441,80507
15442,72065
15443,41584
15444,39536
15445,49418
15446,28920
15447,70689
15448,17552
15449,83713
15450,64090
15451,64592
15452,83044
15453,79467
15454,27575
15455,60910
15456,41831
15457,43422
15458,36651
15459,53288
15460,94765
15461,20363
15462,68954
15463,58637
15464,22119
15465,80206
15466,34966
15467,16755
15468,45187
15469,59436
15470,98299
15471,89294
15472,89026
15473,15183
15474,19539
15475,34662
15476,87015
15477,98008
15478,83249
15479,38444
15480,72835
15481,37379
15482,53642
15483,49739
15484,12009
15485,37762
15486,34906
15487,25376
15488,72773
15489,41797
15490,89220
15491,36805
15492,61987
15493,41369
15494,82362
15495,52154
15496,47101
15497,59894
15498,71112
15499,79946
15500,95029
15501,57088
15502,44283
15503,57139
15504,77215
15505,75179
15506,71080
15507,22924
15508,51973
15509,36624
15510,58589
15511,51015
15512,64254
15513,15992
15514,83731
15515,39002
15516,29126
15517,12125
15518,44180
15519,82523
15520,86550
15521,85909
15522,64732
15523,48691
15524,29976
15525,35715
15526,53236
15527,40149
15528,59786
15529,84683
15530,42208
15531,75444
15532,82173
15533,95800
15534,99764
15535,54245
15536,43728
15537,74044
15538,94108
15539,74303
15540,70401
15541,32050
15542,56160
15543,32185
15544,28344
15545,81636
15546,74004
15547,34123
15548,81058
15549,94123
15550,17698
15551,78674
15552,14433
15553,19742
15554,16358
15555,10836
15556,64053
15557,28021
15558,92667
15559,40334
15560,18908
15561,29795
15562,11198
15563,38668
15564,76287
15565,69770
15566,58916
15567,17923
15568,90980
15569,93588
15570,97392
15571,90808
15572,73334
15573,96413
15574,73944
15575,12061
15576,10866
15577,79758
15578,63914
15579,11553
15580,12192
15581,79391
15582,46010
15583,80220
15584,47576
15585,12246
15586,75826
15587,98346
15588,66436
15589,33496
15590,24026
15591,22624
15592,78732
15593,29516
15594,35156
15595,91235
15596,79003
15597,43084
15598,56457
15599,45038
15600,62022
15601,20357
15602,58896
15603,63218
15604,70161
15605,84055
15606,41877
15607,39603
15608,49318
15609,99658
15610,20566
15611,95686
15612,95182
15613,14152
15614,22255
15615,63120
15616,59710
15617,82443
15618,72390
15619,93459
15620,11238
15621,32463
15622,20837
15623,75517
15624,66873
15625,94529
15626,53420
15627,84167
15628,22499
15629,79226
15630,15577
15631,40115
15632,37710
15633,84289
15634,72324
15635,45532
15636,16102
15637,19744
15638,99709
15639,46749
15640,83860
15641,96259
15642,14312
15643,33508
15644,51220
15645,12052
15646,86943
15647,28899
15648,62205
15649,20084
15650,49226
15651,31292
15652,83919
15653,41519
15654,84277
15655,61007
15656,98740
15657,80852
15658,53480
15659,60311
15660,28343
15661,20279
15662,75639
15663,55332
15664,17038
15665,22803
15666,67290
15667,40427
15668,19963
15669,54642
15670,89320
15671,90460
15672,88067
15673,61996
15674,52778
15675,13883
15676,93115
15677,45825
15678,69054
15679,74304
15680,39902
15681,56636
15682,82487
15683,59207
15684,66603
15685,34345
15686,99088
15687,86791
15688,96595
15689,59816
15690,21232
15691,91083
15692,48715
15693,42302
15694,19634
15695,20752
15696,45123
15697,30214
15698,59807
15699,93086
15700,30221
15701,61068
15702,51507
15703,57277
15704,23965
15705,21995
15706,10680
15707,50405
15708,68292
15709,57175
15710,45358
15711,23399
15712,27367
15713,21442
15714,34561
15715,66489
15716,68830
15717,83005
15718,82710
15719,77166
15720,63483
15721,23538
15722,13442
15723,21746
15724,56388
15725,82642
15726,22198
15727,88240
15728,88386
15729,52523
15730,60493
15731,11617
15732,48253
15733,64238
15734,60829
15735,21101
15736,83339
15737,41816
15738,84967
15739,78302
15740,32227
15741,99825
15742,59903
15743,32216
15744,28198
15745,45247
15746,49469
15747,45180
15748,74634
15749,29127
15750,18292
15751,31916
15752,66973
15753,46170
15754,65194
15755,49289
15756,73469
15757,20082
15758,57333
15759,42990
15760,42321
15761,91924
15762,74985
15763,87831
15764,90828
15765,35630
15766,70012
15767,24021
15768,27758
15769,49932
15770,10887
15771,61864
15772,53544
15773,91289
15774,59792
15775,53193
15776,67700
15777,53874
15778,66441
15779,95332
15780,87908
15781,27842
15782,49378
15783,89064
15784,36326
15785,72784
15786,33283
15787,62198
15788,51830
15789,48200
15790,92955
15791,74357
15792,85481
15793,41775
15794,52714
15795,59290
15796,46739
15797,61502
15798,57843
15799,24927
15800,83905
15801,36188
15802,87624
15803,81516
15804,33583
15805,13527
15806,70505
15807,37479
15808,67469
15809,48185
15810,19064
15811,63627
15812,98208
15813,28242
15814,93012
15815,49692
15816,41722
15817,43119
15818,96332
15819,30203
15820,65460
15821,59412
15822,19694
15823,68860
15824,88372
15825,72814
15826,86315
15827,62534
15828,80040
15829,76402
15830,64827
15831,81256
15832,14818
15833,57124
15834,80373
15835,87833
15836,93647
15837,21138
15838,24335
15839,42536
15840,96193
15841,97122
15842,56531
15843,31802
15844,94803
15845,90304
15846,15806
15847,83822
15848,94545
15849,98797
15850,94769
15851,62378
15852,53463
15853,66420
15854,23886
15855,11382
15856,43913
15857,39098
15858,76935
15859,77999
15860,83137
15861,86089
15862,85397
15863,38971
15864,68429
15865,59036
15866,61266
15867,70694
15868,99070
15869,87147
15870,29758
15871,55215
15872,13219
15873,73277
15874,23703
15875,48722
15876,64522
15877,21253
15878,25213
15879,28569
15880,55656
15881,50880
15882,54966
15883,69681
15884,37114
15885,78303
15886,73298
15887,55652
15888,72411
15889,22795
15890,67431
15891,69303
15892,51800
15893,18804
15894,49356
15895,15856
15896,25084
15897,12960
15898,54967
15899,94930
15900,24334
15901,98754
15902,31542
15903,41970
15904,77632
15905,32865
15906,82339
15907,30989
15908,53383
15909,83380
15910,65885
15911,70562
15912,40389
15913,63090
15914,92543
15915,34176
15916,34430
15917,93948
15918,96154
15919,66640
15920,61849
15921,13826
15922,90492
15923,35863
15924,68926
15925,87621
15926,66302
15927,60965
15928,10583
15929,38153
15930,36972
15931,46483
15932,18200
15933,85674
15934,23336
15935,80371
15936,34505
15937,57945
15938,52727
15939,35830
15940,69972
15941,24936
15942,44387
15943,97910
15944,74157
15945,79168
15946,93769
15947,51078
15948,88246
16299,60939
16300,90125
16301,61451
16302,86939
16303,24972
16304,55603
16305,56135
16306,90918
16307,32613
16308,98288
16309,48986
16310,90541
16311,87354
16312,21108
16313,98094
16314,27556
16315,51049
16316,25448
16317,41270
16318,25328
16319,33992
16320,28528
16321,76954
16322,60916
16323,64819
16324,88174
16325,28070
16326,85340
16327,60293
16328,65448
16329,34347
16330,93296
16331,80435
16332,94575
16333,32706
16334,82733
16335,31871
16336,47858
16337,28388
16338,34523
16339,51232
16340,69113
16341,91187
16342,57059
16343,11256
16344,73518
16345,27895
16346,35575
16347,60324
16348,83607
16349,76248
16350,95599
16351,74876
16352,63626
16353,99744
16354,64477
16355,68176
16356,74054
16357,31922
16358,20835
16359,84107
16360,14044
16361,38905
16362,48284
16363,14285
16364,46025
16365,39470
16366,80465
16367,47836
16368,32047
16369,69942
16370,84140
16371,74921
16372,82053
16373,76952
16374,24838
16375,85066
16376,24969
16377,45112
16378,81186
16379,58085
16380,81046
16381,15453
16382,67850
16383,81611
16384,38644
16385,65725
16386,23423
16387,95678
16388,42444
16389,49021
16390,14224
16391,44447
16392,55688
16393,21401
16394,67549
16395,25386
16396,41056
16397,37509
16398,87060
16399,55957
16400,89988
16401,92938
16402,66120
16403,31755
16404,90760
16405,28249
16406,37082
16407,37124
16408,17780
16409,84720
16410,55982
16411,79767
16412,46842
16413,88231
16414,80617
16415,32069
16416,52421
16417,48356
16418,47923
16419,85069
16420,45041
16421,77425
16422,99037
16423,22481
16424,27771
16425,63948
16426,17770
16427,46349
16428,95969
16429,26631
16430,27392
16431,42725
16432,29168
16433,52217
16434,42447
16435,98635
16436,61472
16437,74154
16438,28634
16439,85684
16440,92890
16441,45221
16442,92288
16443,64293
16444,59174
16445,69243
16446,19898
16447,93050
16448,22202
16449,62802
16450,77582
16451,46467
16452,58374
16453,69597
16454,73968
16455,52898
16456,86278
16457,10324
16458,22208
16459,70089
16460,93209
16461,97050
16462,56952
16463,18300
16464,80048
16465,62129
16466,38551
16467,66314
16468,37767
16469,74843
16470,45197
16471,52318
16472,47171
16473,54270
16474,81737
16475,85750
16476,27117
16477,84205
16478,73614
16479,55054
16480,99463
16481,16345
16482,16021
16483,23051
16484,92074
16485,70238
16486,12134
16487,26284
16488,30707
16489,67840
16490,69836
16491,10088
16492,66072
16493,36518
16494,27290
16495,95196
16496,49566
16497,30837
16498,45916
16499,22234
16500,95798
16501,57242
16502,42819
16503,20803
16504,58738
16505,97098
16506,95054
16507,31695
16508,16787
16509,61949
16510,91999
16511,50043
16512,40689
16513,66260
16514,95915
16515,21953
16516,22475
16517,10142
16518,37973
16519,72496
16520,20215
16521,27393
16522,87814
16523,39647
16524,78084
16525,99126
16526,68335
16527,11217
16528,11056
16529,55032
16530,25806
16531,65353
16532,27324
16533,72613
16534,19283
16535,40008
16536,60209
16537,21708
16538,23425
16539,23526
16540,51071
16541,58177
16542,49223
16543,27973
16544,60164
16545,27451
16546,94092
16547,98753
16548,28724
16549,18966
16550,79534
16551,83831
16552,11110
16553,89995
16554,95199
16555,31511
16556,67684
16557,56030
16558,37925
16559,92323
16560,29840
16561,63963
16562,90750
16563,99989
16564,67984
16565,38474
16566,21362
16567,23168
16568,28351
16569,26142
16570,87276
16571,60335
16572,56076
16573,66280
16574,51222
16575,28327
16576,42477
16577,46302
16578,94491
16579,21042
16580,82534
16581,88774
16582,88644
16583,89638
16584,47345
16585,13515
16586,96298
16587,49537
16588,36928
16589,77862
16590,89551
16591,34726
16592,61347
16593,48737
16594,94694
16595,17152
16596,41370
16597,74865
16598,60578
16599,24777
16600,41599
16601,75481
16602,93634
16603,87847
16604,19307
16605,79243
16606,11581
16607,57329
16608,51480
16609,27299
16610,60703
16611,84498
16612,65163
16613,57895
16614,81612
16615,99514
16616,32645
16617,71736
16618,19567
16619,12187
16620,86986
16621,18851
16622,11807
16623,44365
16624,38277
16625,15220
16626,17925
16627,62163
16628,47550
16629,92388
16630,75673
16631,64451
16632,62727
16633,93956
16634,80328
16635,80471
16636,90746
16637,30012
16638,46368
16639,20957
16640,50620
16641,77017
16642,36633
16643,30365
16644,80305
16645,52827
16646,61213
16647,86865
16648,93138
16649,99267
16650,94299
16651,18665
16652,50654
16653,67342
16654,41278
16655,17589
16656,42044
16657,66948
16658,25202
16659,69424
16660,90254
16661,89800
16662,17212
16663,97304
16664,96252
16665,33022
16666,25655
16667,11660
16668,27984
16669,11487
16670,31473
16671,75065
16672,55443
16673,78551
16674,77793
16675,43980
16676,31884
16677,58741
16678,26637
16679,45227
16680,25473
16681,13847
16682,53910
16683,66272
16684,45649
16685,78662
16686,18371
16687,44465
16688,85582
16689,92251
16690,20101
16691,75031
16692,69663
16693,76949
16694,57202
16695,17266
16696,75484
16697,84302
16698,31873
16699,58193
16700,30618
16701,43438
16702,23487
16703,85223
16704,98358
16705,25117
16706,39937
16707,76692
16708,15772
16709,11610
16710,42053
16711,16026
16712,71835
16713,57707
16714,60197
16715,29671
16716,33456
16717,14635
16718,82465
16719,95944
16720,64967
16721,39427
16722,52179
16723,42540
16724,64559
16725,51934
16726,45554
16727,20208
16728,84912
16729,58864
16730,25650
19001,75803
19002,98254
19003,16903
19004,33507
19005,39253
19006,77603
19007,16019
19008,62550
19009,19034
19010,70960
19011,47002
19012,50723
19013,52899
19014,21322
19015,82494
19016,69866
19017,11044
19018,58354
19019,36302
19020,48219
19021,83899
19022,49834
19023,91620
19024,41795
19025,70807
19026,58270
19027,87554
19028,74665
19029,35614
19030,81638
19031,42129
19032,29735
19033,10835
19034,63744
19035,13133
19036,80981
19037,55406
19038,93354
19039,11257
19040,53911
19041,10191
19042,59319
19043,23624
19044,36895
19045,79443
19046,41217
19047,65026
19048,74491
19049,17850
19050,28661
19051,46677
19052,22193
19053,15754
19054,40339
19055,78125
19056,64140
19057,58823
19058,70091
19059,21128
19060,86122
19061,22527
19062,76247
19063,27499
19064,93521
19065,61688
19066,19808
19067,84425
19068,67014
19069,96827
19070,27132
19071,41034
19072,48230
19073,44208
19074,51288
19075,52762
19076,51688
19077,69343
19078,45645
19079,40619
19080,19789
19081,36569
19082,27840
19083,86638
19084,24283
19085,30369
19086,23848
19087,31544
19088,68925
19089,71086
19090,51160
19091,63282
19092,25825
19093,80244
19094,56961
19095,37215
19096,50410
19097,70731
19098,44735
19099,25717
19100,21851
19101,30658
19102,99922
19103,49874
19104,89076
19105,15286
19106,52964
19107,29441
19108,21955
19109,42534
19110,56627
19111,61936
19112,77300
19113,16416
19114,98759
19115,49169
19116,44100
19117,32789
19118,14073
19119,63004
19120,69270
19121,82869
19122,82105
19123,42748
19124,22415
19125,70560
19126,23357
19127,28322
19128,25919
19129,11567
19130,18083
19131,39135
19132,27133
19133,35969
19134,58790
19135,99952
19136,92614
19137,94500
19138,21015
19139,86326
19140,86823
19141,43924
19142,19828
19143,12857
19144,18450
19145,35919
19146,94670
19147,68121
19148,26880
19149,22055
19150,53456
19151,15596
19152,70423
19153,16637
19154,32018
19155,85220
19156,66774
19157,61773
19158,75028
19159,13864
19160,60165
19161,99550
19162,65923
19163,32650
19164,56392
19165,38143
19166,34530
19167,46042
19168,46681
19169,68459
19170,29481
19171,14541
19172,91156
19173,90868
19174,42215
19175,94840
19176,75390
19177,64000
19178,82179
19179,72787
19180,17992
19181,21497
19182,46670
19183,60202
19184,64949
19185,94233
19186,78919
19187,42656
19188,92674
19189,81258
19190,12559
19191,60134
19192,57069
19193,72873
19194,81371
19195,73527
19196,55093
19197,84141
19198,75849
19199,52153
19200,60905
19201,45446
19202,33568
19203,13416
19204,51795
19205,88265
19206,38707
19207,13840
19208,46822
19209,17679
19210,71824
19211,79393
19212,56849
19213,86544
19214,40508
19215,30922
19216,23124
19217,42487
19218,96096
19219,41608
19220,44934
19221,79951
19222,17328
19223,38758
19224,85457
19225,60911
19226,56504
19227,32768
19228,33081
19229,41005
19230,87662
19231,51681
19232,57026
19233,87537
19234,13697
19235,56095
19236,84403
19237,83873
19238,28625
19239,83807
19240,74517
19241,81057
19242,50508
19243,33010
19244,74282
19245,14975
19246,21830
19247,40490
19248,88861
19249,38679
19250,12612
19251,79002
19252,72650
19253,10089
19254,53481
19255,90495
19256,36406
19257,27103
19258,54663
19259,33260
19260,52413
19261,17806
19262,12872
19263,29360
19264,86888
19265,28566
19266,24538
19267,78982
19268,57826
19269,19506
19270,58967
19271,61851
19272,86810
19273,23242
19274,54113
19275,52284
19276,27884
19277,67261
19278,93789
19279,73858
19280,95089
19281,51586
19282,32833
19283,83659
19284,90440
19285,56769
19286,39260
19287,97232
19288,87194
19289,32983
19290,59595
19291,50215
19292,48602
19293,33292
19294,10235
19295,85082
19296,61327
19297,84381
19298,33865
19299,88956
19300,51709
19301,90134
19302,38953
19303,93839
19304,84127
19305,23645
19306,75035
19307,28434
19308,53406
19309,20198
19310,41194
19311,55457
19312,51879
19313,32005
19314,93386
19315,21629
19316,97821
19317,93768
19318,54007
19319,68540
19320,11493
19321,44761
19322,37483
19323,42707
19324,18885
19325,55938
19326,43640
19327,24160
19328,10167
19329,16310
19330,60585
19331,67438
19332,65004
19333,64266
19334,74629
19335,59638
19336,56036
19337,81568
19338,59197
19339,23294
19340,72847
19341,85766
19342,95323
19343,39567
19344,31319
19345,69151
19346,19661
19347,14379
19348,48654
19349,12631
19350,51774
19351,44226
19352,23726
19353,19725
19354,54801
19355,32296
19356,59212
19357,31090
19358,19830
19359,81702
19360,22203
19361,54295
19362,87860
19363,90431
19364,73273
19365,14062
19366,66534
19367,95673
19368,31626
19369,89602
19370,66911
19371,30591
19372,17019
19373,23272
19374,53397
19375,36941
19376,34901
19377,63645
19378,82628
19379,80795
19380,44768
19381,96585
19382,46899
19383,48980
19384,41135
19385,22571
19386,16505
19387,61498
19388,84943
19389,82045
19390,74349
19391,30131
19392,17144
19393,57294
19394,10500
19395,66047
19396,21485
19397,48607
19398,96772
19399,91931
19400,88671
19401,72957
19402,36171
19403,22712
19404,13373
19405,37125
19406,32391
19407,93648
19408,48248
19409,20739
19410,72071
19411,25139
19412,50416
19413,62096
19414,71727
19415,74106
19416,96643
19417,44734
19418,21945
19419,94130
19420,81319
19421,60793
19422,34232
19423,58630
19424,59996
19425,58418
19426,34455
19427,68428
19428,15848
19429,44510
19430,70956
19431,44524
19432,39654
19433,45200
19434,83956
19435,18079
19436,29808
19437,97486
19438,22675
19439,21233
19440,97574
19441,55061
19442,80968
19443,64262
19444,87296
19445,39820
19446,82561
19447,17993
19448,60738
19449,78495
19450,64870
19451,80190
19452,72236
19453,40886
19454,72424
19455,49171
19456,20348
19457,61747
19458,14551
19459,75811
19460,84870
19461,77740
19462,84905
19463,98805
19464,91300
19465,29326
19466,25765
19467,68856
19468,32659
19469,31910
19470,37772
19471,35260
19472,26539
19473,15593
19474,65492
19475,20271
19476,99538
19477,67067
19478,36465
19479,92211
19480,29382
19481,87994
19482,43801
19483,51910
19484,18783
19485,21406
19486,60868
19487,82923
19488,62082
19489,82358
19490,52746
19491,46202
19492,78116
19493,70051
19494,11620
19495,91665
19496,78493
19497,64997
19498,24748
19499,29613
19500,29424
19501,84264
19502,87061
20023,86372
20024,23845
20025,83752
20026,23237
20027,47498
20028,55071
20029,63856
20030,44620
20031,60206
20032,95824
20033,73646
20034,84976
20035,89817
20036,72003
20037,32570
20038,46099
20039,62818
20040,28855
20041,91034
20042,89777
20043,99235
20044,62654
20045,15083
20046,61877
20047,53449
20048,41139
20049,16460
20050,72287
20051,45203
20052,58816
20053,12651
20054,54284
20055,49722
20056,50756
20057,46745
20058,74437
20059,22873
20060,39878
20061,27614
20062,49384
20063,52056
20064,45313
20065,64627
20066,89295
20067,94614
18684,21703
18685,34633
18686,67896
18687,37707
18688,63368
18689,73499
18690,77698
18691,17367
18692,77537
18693,30836
18694,18600
18695,50779
18696,76426
18697,62872
18698,27779
18699,78719
18700,84537
18701,32772
18702,35265
18703,36309
18704,17553
18705,42701
18706,14334
18707,69827
18708,16626
18709,57235
18710,36097
18711,45910
18712,58280
18713,70846
18714,76207
18715,62028
18716,93284
18717,26236
18718,99282
18719,14005
18720,58819
18721,74066
18722,87862
18723,68471
18724,33276
18725,72204
18726,86923
18727,55843
18728,55121
18729,31432
18730,43903
18731,21847
18732,47364
18733,13597
18734,16507
18735,31352
18736,85007
18737,38091
18738,39012
18739,94853
18740,39505
18741,98826
18742,37096
18743,45269
18744,95404
18745,63674
18746,77276
18747,12628
18748,99417
18749,11166
18750,72140
18751,94852
18752,32701
18753,88792
18754,11109
18755,39329
18756,43081
18757,89736
18758,50037
18759,94245
18760,46094
18761,65549
18762,59345
18763,55706
18764,38601
18765,71171
18766,49602
18767,98761
18768,78241
18769,91737
18770,62055
18771,86609
18772,23410
18773,10963
18774,77045
18775,96816
18776,59051
18777,83591
18778,94848
18779,87826
18780,89829
18781,47051
18782,49121
18783,99707
18784,24169
18785,73142
18786,18367
18787,54077
18788,46239
18789,93964
18790,52616
18791,46291
18792,44229
18793,95998
18794,95389
18795,49163
18796,34688
18798,29651
18799,77802
18800,41496
18801,17441
18802,88647
18803,62965
18804,96577
18805,51888
18806,99228
18807,28340
18808,13336
18809,95904
18810,48745
18811,44003
18812,64862
18814,63031
18815,60891
18816,14629
18817,86418
18818,84978
18819,34892
18820,54979
18821,39145
18822,99957
18823,80075
18824,93665
18825,72355
18826,98063
18827,56988
18828,49347
18829,96194
18830,83170
18831,33741
18832,48506
18833,22793
18834,71706
18835,26769
18836,43902
18837,83273
18838,33995
18839,99091
18840,53992
18841,95778
18842,21704
18843,39131
18844,56567
18845,39272
18846,50250
18847,65112
18848,53426
18849,58717
18850,44152
18851,86751
18852,48541
18853,70786
18854,25437
18855,71674
18856,17035
18857,93151
18858,86490
18859,86062
18860,91350
18861,19334
18862,35499
18863,75598
18864,25704
18865,99220
18866,60026
18867,79446
18868,49106
18869,64146
18870,17086
18871,29762
18872,28004
18873,36253
18874,54914
18875,63633
18876,84632
18877,69974
18878,28772
18879,51469
18880,33639
18881,20592
18882,73908
18883,53598
18884,92710
18885,33176
18886,51079
18887,93165
18888,17603
18889,10617
18890,69251
18891,45851
18892,37444
18893,32099
18894,85534
18895,30766
18896,74169
18897,21539
18898,26961
18899,66847
18900,93032
18901,66283
18902,62873
18903,66233
18904,72573
18905,60242
18906,10611
18907,14944
18908,79963
18909,36137
18910,58903
18911,11845
18912,52233
18913,79603
18914,34979
18915,12348
18916,98702
18917,10540
18918,92141
18919,42613
18920,39657
18921,55134
18922,50906
18923,26899
18924,23462
18925,60272
18926,75973
18927,87158
18928,50123
18929,31891
18930,18557
18931,49085
18932,48119
18933,69759
18934,78195
18935,88167
18936,78697
18937,54280
18938,66841
18939,27536
18940,54922
18941,74248
18942,57087
18943,34697
18944,31611
18945,12506
18946,39939
18947,39402
18948,27197
18949,37681
18950,87292
18951,76143
18952,32149
18953,26143
18954,58049
18955,14897
18956,59177
18957,93928
18958,43526
18959,80088
18960,91675
18961,16368
18962,87846
18963,16286
18964,96765
18965,24170
18966,95664
18967,12587
18968,16322
18969,25176
18970,68237
18971,59840
18972,81733
18973,43126
18974,72180
18975,30070
18976,36934
18977,99881
18978,92616
18979,11219
18980,49467
17549,65164
17550,96725
17551,23235
17552,96832
17553,78197
17554,45386
17555,91631
17556,89381
17557,27978
17558,64896
17559,23751
17560,77054
17561,90962
17562,25431
17563,47054
17564,24943
17565,23928
17566,75239
17567,36037
17568,89823
17569,36181
17570,44471
17571,78569
17572,36433
17573,56913
17574,63707
17575,48712
17576,31020
17577,15164
17578,81845
17579,75058
17580,37222
17581,73001
17582,53332
17583,40737
17584,10358
17585,11671
17586,98032
17587,21665
17588,24474
17589,85255
17590,97690
17591,74763
17592,29548
17593,21807
17594,77070
17595,19836
17596,23276
17597,43540
17598,94454
17599,40298
17600,69867
17601,48800
17602,44619
17603,70853
17604,16564
17605,23082
17606,32898
17607,15170
17608,48085
17609,57214
17610,98705
17611,50987
17612,65836
17613,25191
17614,22451
17615,16014
17616,28139
17617,96947
17618,94829
17619,53078
17620,56861
17621,67372
17622,91501
17623,45167
17624,22183
17625,58840
17626,54921
17627,33969
17628,24920
17629,62530
17630,62461
17631,69839
17632,45629
17633,60556
17634,72684
17635,65278
17636,95045
17637,31860
17638,24818
17639,27368
17640,17686
17641,30892
17642,23593
17643,64529
17644,87430
17645,73265
17646,84572
17647,98918
17648,67430
17649,33758
17650,90127
17651,59774
17652,57002
17653,90131
17654,13777
17655,99714
17656,27125
17657,73318
17658,73979
17659,24802
17660,63907
17661,67761
17662,16025
17663,18301
17664,44290
17665,95848
17666,51187
17667,98857
17668,78788
17669,84057
17670,39358
17671,97797
17672,54341
17673,78039
17674,78564
17675,91033
17676,22483
17677,66734
17678,96732
17679,42581
17680,73167
17681,55318
17682,96993
17683,98643
17684,94070
17685,60446
17686,29484
17687,83183
17688,90335
17689,11526
17690,94331
17691,30568
17692,76265
17693,71510
17694,74990
17695,31679
17696,19812
17697,74441
17698,52026
17699,41574
17700,53371
17701,16599
17702,76444
17703,39190
17704,82154
17705,59628
17706,62858
17707,40801
17708,20332
17709,70174
17710,68220
17711,85108
17712,68733
17713,21536
17714,75333
17715,68598
17716,51426
17717,25559
17718,95638
17719,12329
17720,23453
17721,62879
17722,64046
17723,14696
17724,83024
17725,81971
17726,10022
17727,21913
17728,89194
17729,91142
17730,93563
17731,49924
17732,76628
17733,83706
17734,37112
17735,95799
17736,98011
17737,69796
17738,54676
17739,57624
17740,17113
17741,39218
17742,69566
17743,53512
17744,83420
17745,91232
17746,88636
17747,72014
17748,96136
17749,57617
17750,69314
17751,22771
17752,96364
17753,39064
17754,10287
17755,54742
17756,56548
17757,93055
17758,48270
17759,81786
17760,78417
17761,59006
17762,23935
17763,16000
17764,31516
17765,74542
17766,28408
17767,63636
17768,24019
17769,43330
17770,90065
17771,35679
17772,34581
17773,25826
17774,61497
17775,38257
17776,69905
17777,54293
17778,24125
17779,64325
17780,16094
17781,93000
17782,98098
17783,87176
17784,26150
17785,69950
17786,96305
17787,87242
17788,76086
17789,27647
17790,75382
17791,10568
17792,79515
17793,16366
17794,66729
17795,86692
17796,33226
17797,85832
17798,32760
17799,26827
17800,23573
17801,60778
17802,96182
17803,88714
17804,89450
17805,52184
17806,76074
17807,60418
17808,64875
17809,42537
17810,45860
17811,62149
17812,54939
17813,48557
17814,69355
17815,27481
17816,28111
17817,64099
17818,88974
17819,77147
17820,49179
17821,81802
17822,51144
17823,82559
17824,92913
17825,38487
17826,36330
17827,37487
17828,91810
17829,48086
17830,99995
17831,55258
17832,98129
17833,27389
17834,95208
17835,33306
17836,81105
17837,93476
17838,52255
17839,25126
17840,56168
17841,83699
17842,72963
17843,86389
17844,84794
17845,97445
17846,64719
17847,98374
17848,79979
17849,47477
17850,65363
17851,11673
17852,78515
17853,23955
17854,13312
17855,59921
17856,29048
17857,16955
17858,97851
17859,17419
17860,36201
17861,44993
17862,31094
17863,47567
17864,99573
17865,42841
17866,29192
17867,18130
17868,36738
17869,80932
17870,14234
17871,57013
17872,69322
17873,23432
17874,90754
17875,98542
17876,83647
17877,39400
17878,94819
17879,83566
17880,60972
17881,41142
17882,76967
17883,47701
17884,97096
17885,16157
17886,60014
17887,60797
17888,99803
17889,50980
17890,82368
17891,17051
17892,11699
17893,42943
17894,36619
17895,91338
17896,68073
17897,39563
17898,93071
17899,58200
17900,87120
17901,81645
17902,89087
17903,35751
17904,35362
17905,48558
17906,68827
17907,33255
17908,99477
17909,19760
17910,34507
17911,32779
17912,77350
17913,25643
17914,59440
17915,15326
17916,66165
17917,46583
17918,82954
17919,44634
17920,27048
17921,31093
17922,43425
17923,10739
17924,53327
17925,71122
17926,30290
17927,15235
17928,30146
17929,52287
17930,88234
17931,16665
17932,91968
17933,90689
17934,96755
17935,74297
17936,85061
17937,82110
17938,56934
17939,19552
17940,51662
17941,78864
17942,38830
17943,34100
17944,78236
17945,18936
17946,76209
17947,30889
17948,64516
17949,81182
17950,80390
17951,62876
17952,22051
17953,55796
17954,38992
17955,37964
17956,96944
17957,53500
17958,53393
17959,57290
17960,48479
17961,38632
17962,91039
17963,79533
17964,72240
17965,83575
17966,95105
17967,11153
17968,25036
17969,97679
17970,55351
17971,68414
17972,41502
17973,94182
17974,90439
17975,91412
17976,41958
17977,15226
17978,52065
17979,59987
17980,24860
17981,60577
17982,43631
17983,80809
17984,47070
17985,13238
17986,77746
17987,59146
17988,77411
17989,76680
17990,68400
17991,73806
17992,15747
17993,48854
17994,95397
17995,35232
17996,51984
17997,77357
17998,20793
17999,22577
18000,31940
18001,80513
18002,79888
18003,10960
18004,92173
18005,18581
18006,37627
18007,97862
18008,92511
18009,37941
18010,99837
18011,65601
18012,23621
18013,36945
18014,80484
18015,67047
18016,94746
18017,19452
18018,99921
18019,30152
18020,13113
18021,70191
18022,53478
18023,14965
18024,21471
18025,19600
18026,33329
18027,43018
18028,19232
18029,85361
18030,39837
18031,43901
18032,63429
18033,60860
18034,69129
18035,92603
18036,63011
18037,66757
18038,51471
18039,12213
18040,61052
18041,98250
18042,25506
18043,80101
18044,10773
18045,94072
18046,91048
18047,18288
18048,86756
18049,19514
18050,56884
18051,75907
18052,23911
18053,47989
18054,99899
18055,49498
18056,89503
18057,21338
18058,67367
18059,59992
18060,61788
18061,96602
18062,14039
18063,72126
18064,30489
18065,79922
18066,38818
18067,27875
18068,61248
18069,81529
18070,48663
18071,93105
18072,28884
18073,49066
18074,98773
18075,94926
18076,58906
18077,11461
18078,82551
18079,82754
18080,28530
18081,26152
18082,15475
18083,10659
18084,85067
18085,88204
18086,61653
18087,80405
18088,81765
18089,21157
18090,49936
18091,37532
18092,55069
18093,37752
18094,64087
18095,94663
18096,77181
18097,28671
18098,31096
18099,34116
18100,38939
18101,90856
18102,43127
18103,35470
18104,25023
18105,33770
18106,97946
18107,84356
18108,17128
18109,81939
18110,70458
18111,94498
18112,19587
18113,48096
18114,18829
18115,42858
18116,22871
18117,35875
18118,73857
18119,53365
18120,56810
18121,26805
18122,97988
18123,95914
18124,40740
18125,23113
18126,47373
18127,91201
18128,19149
18129,51652
18130,73682
18131,69067
18132,53036
18133,90785
18134,96431
18135,50065
18136,86568
18137,29974
18138,84128
18139,84299
18140,57774
18141,51462
18142,66139
18143,10633
18144,51053
18145,42266
18146,39035
18147,93995
18148,67163
18149,46264
18150,57118
18151,27603
18152,99073
18153,53458
18154,72908
18155,70666
18156,68373
18157,57020
18158,50038
18159,73828
18160,82308
18161,24264
18162,33038
18163,94613
18164,89511
18165,20744
18166,46780
18167,28350
18168,80597
18169,35746
18170,44502
18171,92132
18172,20022
18173,19882
18174,12441
18175,76476
18176,92788
18177,14088
18178,86269
18179,85877
18180,63101
18181,87337
18182,37886
18183,14804
18184,82298
18185,44159
18186,81233
18187,80736
18188,71879
18189,95709
18190,57948
18191,61445
18192,39269
18193,87280
18194,48141
18195,27548
18196,70909
18197,75683
18198,76900
18199,21869
18200,62007
18201,57692
18202,75820
18203,11388
18204,96858
18205,41310
18206,90482
18207,99674
18208,31737
18209,77388
18210,28398
18211,68487
18212,30869
18213,33480
18214,84233
18215,84162
18216,96430
18217,29162
18218,73373
18219,57028
18220,15297
18221,38681
18222,73916
18223,40375
18224,18239
18225,44649
18226,58422
18227,40673
18228,15610
18229,97632
18230,37102
18231,77880
18232,57349
18233,71561
18234,69591
18235,16086
18236,15230
18237,95003
18238,52476
18239,23529
18240,78337
18241,93042
18242,45847
18243,44513
18244,85842
18245,81349
18246,84732
18247,32786
18248,59369
18249,59613
18250,57880
18251,87028
18252,95634
18253,20202
18254,77720
18255,42975
18256,59326
18257,39215
18258,77681
18259,63194
18260,56255
18261,55224
18262,73813
18263,73191
18264,89195
18265,10864
18266,75776
18267,28214
18268,67658
18269,31706
18270,40145
18271,20104
18272,77441
18273,94341
18274,46806
18275,37723
18276,29692
18277,34498
18278,30625
18279,57477
18280,88908
18281,25509
18282,96652
18283,40191
18284,64344
18285,53283
18286,24855
18287,73113
18288,98503
18289,72759
18290,72786
18291,37617
18292,87436
18293,31134
18294,94837
18295,63857
18296,12942
18297,41938
18298,15655
18299,26762
18300,85168
18301,87640
18302,31119
18303,27658
18304,92515
18305,77193
18306,15136
18307,85008
18308,29249
18309,43850
18310,33597
18311,77717
18312,63143
18313,88558
18314,83872
18315,93574
18316,12440
18317,96736
18318,47152
18319,21239
18320,38389
18321,68877
18322,89498
18323,71789
18324,73133
18325,32356
18326,38752
18327,63840
18328,88753
18329,28705
18330,86368
18331,33839
18332,91685
18333,96461
18334,44671
18335,31983
18336,99861
18337,69437
18338,88188
18339,87410
18340,19023
18341,40122
18342,59572
18343,60523
18344,27329
18345,24230
18346,12170
18347,36522
18348,78512
18349,76107
18350,99701
18351,65023
18352,29603
18353,89365
18354,22622
18355,72373
18356,90576
18357,88618
18358,15116
18359,79655
18360,75972
18361,25403
18362,22214
18363,73208
18364,96427
18365,27082
18366,89098
18367,80685
18368,10157
18369,98940
18370,95096
18371,66557
18372,78425
18373,65139
18374,58546
18375,15693
18376,79444
18377,66224
18378,40079
18379,73192
18380,59969
18381,55943
18382,87207
18383,85513
18384,22807
18385,65769
18386,43360
18387,72539
18388,40475
18389,20986
18390,47128
18391,88419
18392,81267
18393,63562
18394,43791
18395,34775
18396,10716
18397,10932
18398,85757
18399,78490
18400,25444
18401,78126
18402,59155
18403,95792
18404,36924
18405,51405
18406,63588
18407,57483
18408,30287
18409,65846
18410,95403
18411,86725
18412,43244
18413,44249
18414,80268
18415,65517
18416,84012
18417,57925
18418,90200
18419,46118
18420,99208
18421,62095
18422,36698
18423,64162
18424,82365
18425,83080
18426,73238
18427,33425
18428,58524
18429,83281
18430,73407
18431,43263
18432,50193
18433,85713
18434,55135
18435,62183
18436,28096
18437,25608
18438,40116
18439,68536
18440,31206
18441,23143
18442,38109
18443,76629
18444,62502
18445,54359
18446,82165
18447,90481
18448,99727
18449,16822
18450,31068
18451,61000
18452,93345
18453,10693
18454,21939
18455,71822
18456,88675
18457,67065
18458,21552
18459,18399
18460,44483
18461,39067
18462,58606
18463,20490
18464,89826
18465,14948
18466,60374
18467,62513
18468,90473
18469,96006
18470,78289
18471,47548
18472,88311
18473,17531
18474,32973
18475,93924
18476,74797
18477,67536
18478,11403
18479,36438
18480,96099
18481,77915
18482,47487
18483,35525
18484,14405
18485,88579
18486,76918
18487,77608
18488,40365
18489,90634
18490,32214
18491,98345
18492,14726
18493,57151
18494,41359
18495,95854
18496,10037
18497,30636
18498,21382
18499,46167
18500,62354
18501,56285
18502,97773
18503,61792
18504,86818
18505,36255
18506,12014
18507,21818
18508,82036
18509,47289
18510,83284
18511,86406
18512,55625
18513,55544
18514,46242
18515,39661
18516,89477
18517,35496
18518,69606
18519,62947
18520,85354
18521,10609
18522,44223
18523,32942
18524,63363
18525,76353
18526,23954
18527,83220
18528,19487
18529,75951
18530,48568
18531,54560
18532,25336
18533,77277
18534,43776
18535,80504
18536,85352
18537,42786
18538,68034
18539,59424
18540,83815
18541,73390
18542,41886
18543,54520
18544,99337
18545,70387
18546,86916
18547,13584
18548,73172
18549,25239
18550,43792
18551,18854
18552,60157
18553,38885
18554,98724
18555,40137
18556,51383
18557,64057
18558,56281
18559,77699
18560,80208
18561,11274
18562,44517
18563,42539
18564,47655
18565,22190
18566,62288
18567,98302
18568,54825
18569,19965
18570,82686
18571,33394
18572,72463
18573,51139
18574,56338
18575,38647
18576,85197
18577,45268
18578,33957
18579,99536
18580,34925
18581,75404
18582,36170
18583,40783
18584,41726
18585,44787
18586,40042
18587,36577
18588,42728
18589,91080
18590,56665
18591,30446
18592,23983
18593,25712
18594,20287
18595,98580
18596,96956
18597,74574
18598,90455
18599,10868
18600,80972
18601,15539
18602,73214
18603,58653
18604,91352
18605,51342
18606,74532
18607,85303
18608,46009
18609,74330
18610,76995
18611,46735
18612,62150
18613,39110
18614,85584
18615,26809
18616,17097
18617,78909
18618,65466
18619,72694
18620,80879
18621,14268
18622,75860
18623,55519
18624,61605
18981,99959
18982,32911
18983,69925
18984,25776
18985,77922
18986,70302
18987,51373
18988,11103
18989,11549
18990,98356
18991,37623
18992,59732
18993,86153
18994,23205
18995,52655
18996,57395
18997,90318
18998,44039
18999,81901
19000,44452
20308,41082
20309,45311
20310,71780
20311,90358
20312,54970
20313,57962
20314,34105
20315,75374
20316,65567
20317,37594
20318,64931
20319,58799
20320,57851
20321,62506
20322,46651
20323,69077
20324,33578
20325,84895
20326,27188
20327,85483
20328,99916
20329,39958
20330,23090
20331,40907
20332,82789
20333,66651
20334,59923
20335,35698
20336,29116
20337,29601
20338,71995
20339,11276
20340,33148
20341,65249
20342,75483
20343,27625
20344,92660
20345,77765
20346,79990
20347,73782
20348,49326
20349,42895
20350,83680
20351,84427
20352,16253
20353,62219
20354,22972
20355,31409
20356,17869
20357,38241
20358,72460
20359,92557
20360,68963
20361,53864
20362,44048
20363,57312
20364,57226
20365,83446
20366,83071
20367,43779
20368,55107
20369,12599
20370,63970
20371,25890
20372,56018
20373,99074
20374,89374
20375,36077
20376,85609
20377,95179
20378,95082
20379,80574
20380,32877
20381,47304
20382,56544
20383,52610
20384,98236
20385,76904
20386,73896
20387,68580
20388,20277
20389,59947
20390,90434
20391,47555
20392,70784
20393,92799
20394,28985
20395,31964
20396,93962
20397,54222
20398,65288
20399,92742
20400,90256
20401,84925
20402,63054
20403,19351
20404,20369
20405,31233
20406,55039
20407,39912
20408,51088
20409,51533
20410,95591
20411,48188
20412,89349
20413,94494
20414,61833
20415,45553
20416,68313
20417,57600
20418,86928
20419,78280
20420,69020
20421,31930
20422,34102
20423,13027
20424,26389
20425,40753
20426,42983
20427,37600
20428,31877
20429,62041
20430,23501
20431,22524
20432,18361
20433,81884
20434,17055
20435,13455
20436,62037
20437,78679
20438,20911
20439,23622
20440,44400
20441,91015
20442,30352
20443,21050
20444,95830
20445,61097
20446,50549
20447,40062
20448,42426
20449,47247
20450,68085
20451,92114
20452,26569
20453,27206
20454,79041
20455,32361
20456,13744
20457,14607
20458,96972
20459,56771
20460,52624
20461,72410
20462,71235
20463,45705
20464,81898
20465,68306
20466,27709
20467,33204
20468,87441
20469,88326
20470,69840
20471,92712
20472,93342
20473,83922
20474,67013
20475,78610
20476,93858
20477,93824
20478,79964
20479,50587
20480,55504
20481,73131
20482,80735
20483,39770
20484,21738
20485,67915
20486,50352
20487,64028
20488,44053
20489,30410
20490,49789
20491,11383
20492,10012
20493,78592
20494,27865
20495,55073
20496,47586
20497,71498
20498,80136
20499,11090
20500,74478
20501,72530
20502,49270
20503,11197
20504,66418
20505,48393
20506,88250
20507,40305
20508,10946
20509,81855
20510,58974
20511,34716
20512,63967
20513,83472
20514,67292
20515,61740
20516,42754
20517,31400
20518,94671
20519,61081
20520,59592
20521,38913
20522,44469
20523,20382
20524,65343
20525,91962
20526,41399
20527,77713
20528,90375
20529,99737
20530,45633
20531,47313
20532,94994
20533,79722
20534,45235
20535,64120
20536,34641
20537,18973
20538,33908
20539,27907
20540,47957
20541,24464
20542,93478
20543,90967
20544,69345
20545,45669
20546,91625
20547,74486
20548,34613
20549,52027
20550,12542
20551,29942
20552,80119
20553,12900
20554,34371
20555,23405
20556,46977
20557,45283
20558,67464
20559,11075
20560,40514
20561,21822
20562,29750
20563,11930
20564,74694
20565,38467
20566,54815
20567,65082
20568,50838
20569,75325
20570,58679
20571,70776
20572,53286
20573,20515
20574,29148
20575,17345
20576,44931
20577,61435
20578,19356
20579,71623
20580,33803
20581,35191
20582,42778
20583,11653
20584,25985
20585,42631
20586,60436
20587,68059
20588,42396
20589,14392
20590,36106
20591,70402
20592,22315
20593,78306
20594,97294
20595,37321
20596,71974
20597,61003
20598,99318
20599,50908
20600,52344
20601,30789
20602,92465
20603,15529
20604,82034
20605,78278
20606,26009
20607,73075
20608,93692
20609,49166
20610,36047
20611,57241
20612,16827
20613,97385
20614,38545
20615,24801
20616,40928
20617,92956
20618,66906
20619,52534
20620,11974
20621,31936
20622,46188
20623,86637
20624,25682
20625,41862
20626,11170
20627,15504
20628,86162
20629,72294
20630,88146
20631,30315
20632,21728
20633,42600
20634,30669
20635,75525
20636,21980
20637,99908
20638,91087
20639,54357
20640,91937
20641,17871
20642,17834
20643,56598
20644,94485
20645,30174
20646,80300
20647,24076
20648,26492
20649,73942
20650,40497
20651,51515
20652,83184
20653,94495
20654,55523
20655,67503
20656,35292
20657,12798
20658,59514
20659,56945
20660,27659
20661,42859
20662,15175
20663,73609
20664,67344
20665,83272
20666,48628
20667,81137
20668,74237
20669,34874
20670,84278
20671,34461
20672,81253
20673,55569
20674,52425
20675,71393
20676,46087
20677,88470
20678,82682
20679,31016
20680,19027
20681,79617
20682,30319
20683,68901
20684,48754
20685,80989
20686,58118
20687,69517
20688,10094
20689,93627
20690,76316
20691,59681
20692,34318
20693,12453
20694,91229
20695,57720
20696,91290
20697,41298
20698,52034
20699,18302
20700,96283
20701,80642
20702,60789
20703,34886
20704,99551
20705,75214
20706,82281
20707,30202
20708,90352
20709,47110
20710,52283
20711,63713
20712,94004
20713,52208
20714,24478
20715,22616
20716,78576
20717,96362
20718,18739
20719,15737
20720,33414
20721,14099
20722,36486
20723,24031
20724,73618
20725,35115
20726,22943
20727,14170
20728,84843
20729,94115
20730,60934
20731,96235
20732,74213
20733,78920
20734,91785
20735,87371
20736,43546
20737,16433
20738,58018
20739,38930
20740,89423
20741,19289
20742,11715
20743,37359
20744,95950
20745,74409
20746,20480
20747,71349
20748,93744
20749,17956
20750,57307
20751,83140
20752,64519
20753,17641
20754,90862
20755,44840
20756,79339
20757,15328
20758,19225
20759,49833
20760,38298
20761,78089
20762,22729
20763,23267
20764,40279
20765,79685
20766,60506
20767,34832
20768,35312
20769,78969
20770,96098
20771,42605
20772,84714
20773,33448
20774,83193
20775,83156
20776,64419
20777,23829
20778,93705
20779,85571
20780,56918
20781,98407
20782,70125
20783,97194
20784,65977
20785,23644
20786,31864
20787,33644
20788,82085
20789,62632
20790,76151
20791,54238
20792,96184
20793,30732
20794,88632
20795,68066
20796,51307
20797,82100
20798,52553
20799,58722
20800,66438
20801,52395
20802,89745
20803,41551
20804,83812
20805,38039
20806,59160
20807,82120
20808,43303
20809,57187
20810,69297
20811,68654
20812,62047
20813,10025
20814,14543
20815,47287
20816,88087
20817,12136
20818,77844
20819,27705
20820,49562
20821,10860
20822,49365
20823,39083
20824,38157
20825,51275
20826,12844
20827,82569
20828,77013
20829,82918
20830,84922
20831,30278
20832,22358
20833,14946
20834,70341
20835,56616
20836,30461
20837,28141
20838,44732
20839,58114
20840,86304
20841,42749
20842,49361
20843,22046
20844,84774
20845,62402
20846,84588
20847,38499
20848,20118
20849,52558
20850,73246
20851,32662
20852,73999
20853,85527
20854,88018
20855,94181
20856,49373
20857,14898
20858,60010
20859,20286
20860,17329
20861,53829
20862,66925
20863,64594
20864,25799
20865,39716
20866,95561
20867,88944
20868,93084
20869,92862
20870,60133
20871,17094
20872,49948
20873,78731
20874,15397
20875,80769
20876,84044
20877,29605
20878,52838
20879,75850
20880,38940
20881,30079
20882,16621
20883,98294
20884,61495
20885,68407
20886,88005
20887,85399
20888,76155
20889,39109
20890,66614
20891,47982
20892,61684
20893,29400
20894,27326
20895,54062
20896,20819
20897,72371
20898,84899
20899,16463
20900,81847
20901,62322
20902,44413
20903,21151
20904,62235
20905,66949
20906,27088
20907,27677
20908,73035
20909,83308
20910,35966
20911,61815
20912,95491
20913,84885
20914,35703
20915,83553
20916,90739
20917,78714
20918,42275
20919,41760
20920,19390
20921,44898
20922,66369
20923,52390
20924,99749
20925,85499
20926,21743
20927,24749
20928,98047
20929,64209
20930,65514
20931,57876
20932,55653
20933,34967
20934,52039
20935,55157
20936,87840
20937,95905
20938,13172
20939,49953
20940,32184
20941,55838
20942,90769
20943,91681
20944,29112
20945,67732
20946,15882
20947,40603
20948,36173
20949,99831
20950,58997
20951,21247
20952,24728
20953,17148
20954,41856
20955,91396
20956,29356
20957,47707
20958,11800
20959,54993
20960,24585
20961,49992
20962,68990
20963,71759
20964,12981
20965,53499
20966,37395
20967,80517
20968,37770
20969,36712
20970,81620
20971,78585
20972,73311
20973,91663
20974,28526
20975,97590
20976,12410
20977,59362
20978,86415
20979,96969
20980,79048
20981,15699
20982,43483
20983,32324
20984,17878
20985,47226
20986,36305
20987,90997
20988,45557
20989,16957
20990,70943
20991,95820
20992,11092
20993,18729
20994,96556
20995,45561
20996,96898
20997,96520
20998,24141
20999,12500
21000,48337
21001,95119
21002,60662
21003,40299
21004,59899
21005,76655
21006,23055
21007,73525
21008,88263
21009,79672
21010,21537
21011,34434
21012,36066
21013,75621
21014,70029
21015,83490
21016,12816
21017,15210
21018,49967
21019,53721
21020,74216
21021,61563
21022,30578
21023,12408
21024,55453
21025,99694
21026,56125
21027,56580
21028,91950
21029,49626
21030,40959
21031,75700
21032,46159
21033,18127
21034,92023
21035,43774
21036,60747
21037,13862
21038,82737
21039,46725
21040,29884
21041,54798
21042,61491
21043,96105
21044,27991
21045,21507
21046,60096
21047,78251
21048,98866
21049,90274
21050,91988
21051,99983
21052,39809
21053,64700
21054,41504
21055,85090
21056,30021
21057,65897
21058,50944
21059,89346
21060,53160
21061,68873
21062,81071
21063,27271
21064,37100
21065,95520
21066,28163
21067,86156
21068,80956
21069,99659
21070,36517
21071,28102
21072,50501
21073,78656
21074,27727
21075,29025
21076,96013
21077,84035
21078,30715
21079,51614
21080,18888
21081,83051
21082,79856
21083,25517
21084,34134
21085,51628
21086,29073
21087,51771
21088,64269
21089,63903
21090,49760
21091,68065
21092,93472
21093,45887
21094,29917
21095,34632
21096,23994
21097,27241
21098,34215
21099,13433
21100,90213
21101,90864
21102,44978
21103,89377
21104,84323
21105,90263
21106,40266
21107,88166
21108,40432
21109,13418
21110,57089
21111,20417
21112,72469
21113,75840
21114,89260
21115,71441
21116,95140
21117,34114
21118,60785
21119,74414
21120,72108
21121,28024
21122,31467
21123,35330
21124,39658
21125,63554
21126,11967
21127,45370
21128,64138
21129,39170
21130,97993
21131,36585
21132,36812
21133,18668
21134,33209
21135,67577
21136,90879
21137,74217
21138,52584
21139,69971
21140,42346
21141,66040
21142,63066
21143,89682
21144,51012
21145,61662
21146,90151
21147,84964
21148,80275
21149,78843
21150,94068
21151,15047
21152,78242
21153,24328
21154,69193
21155,69886
21156,15559
21157,42207
21158,77987
21159,80499
21160,61853
21161,15144
21162,83098
21163,60777
21164,77649
21165,16461
21166,34884
21167,48165
21168,67613
21169,49918
21170,47475
21171,70469
21172,31821
21173,65372
21174,48590
21175,90364
21176,17149
21177,77760
21178,70762
21179,94685
21180,69204
21181,21854
21182,75622
21183,24833
21184,33562
21185,86735
21186,81618
21187,27734
21188,61520
21189,52396
21190,69098
21191,13265
21192,33445
21193,69464
21194,87373
21195,36467
21196,69596
21197,21820
21198,52477
21199,95010
21200,31495
21201,26193
21202,21952
21203,24963
21204,68903
21205,93109
21206,57571
21207,21181
21208,78657
21209,60343
21210,77065
21211,90225
21212,30958
21213,59634
21214,82134
21215,59886
21216,32398
21217,53934
21218,84120
21219,96445
21220,29672
21221,31249
21222,28953
21223,33444
21224,16725
21225,64995
21226,50378
21227,50569
21228,68491
21229,47851
21230,92110
21231,33684
21232,25408
21233,27245
21234,36588
21235,10463
21236,91600
21237,43175
21238,11600
21239,70115
21240,75225
21241,75358
21242,81237
21243,10753
21244,89689
21245,74679
21246,41179
21247,38426
21248,87183
21249,96438
21250,72352
21251,69472
21252,63759
21253,67917
21254,20407
21255,88802
21256,88656
21257,10861
21258,42075
21259,81741
21260,46452
21261,91233
21262,92396
20068,83079
20069,16411
20070,34227
20071,29432
20072,17217
20073,95626
20074,55746
20075,14813
20076,29054
20077,14250
20078,97424
20079,85771
20080,89073
20081,53399
20082,21495
20083,16426
20084,24272
20085,64651
20086,33363
20087,31146
20088,98092
20089,47274
20090,90096
20091,87983
20092,85010
20093,83685
20094,33254
20095,85886
20096,57210
20097,14697
20098,22206
20099,49229
20100,52312
20101,58309
20102,59668
20103,18869
20104,66010
20105,82151
20106,18509
20107,48382
20108,71710
20109,27635
20110,25993
20111,45968
20112,53150
20113,79081
20114,64232
20115,78766
20116,37504
20117,37400
20118,90223
20119,17626
20120,24326
20121,84890
20122,92441
20123,79330
20124,21491
20125,73394
20126,89269
20127,47642
20128,65974
20129,89802
20130,51482
20131,44034
20132,85385
20133,56380
20134,27001
20135,90516
20136,83745
20137,75063
20138,78118
20139,92818
20140,74553
20141,33580
20142,89876
20143,40503
20144,48074
20145,35369
20146,10207
20147,25493
20148,13143
20149,70933
20150,91980
20151,25456
20152,37175
20153,90649
20154,64346
20155,15962
20156,53750
20157,55829
20158,83454
20159,93558
20160,37831
20161,11480
20162,93967
20163,36370
20164,46913
20165,43347
20166,18891
20167,50340
20168,49358
20169,76412
20170,82088
20171,52457
20172,10803
20173,99893
20174,53684
20175,61910
20176,84569
20177,13816
20178,33020
20179,53321
20180,54294
20181,98142
20182,72797
20183,72193
20184,14660
20185,94626
20186,27793
20187,73110
20188,30366
20189,92208
20190,70374
20191,53923
20192,70616
20193,64257
20194,17342
20195,78298
20196,49235
20197,84048
19503,98892
19504,51353
19505,80239
19506,37297
19507,85680
19508,99848
19509,53479
19510,18678
19511,29569
19512,46760
19513,14085
19514,54453
19515,59183
19516,92118
19517,80028
19518,31753
19519,84839
19520,89388
19521,61061
19522,34560
19523,88012
19524,25315
19525,50407
19526,14145
19527,45585
19528,64246
19529,21376
19530,75149
19531,41148
19532,58704
19533,69232
19534,49666
19535,38329
19536,78825
19537,49625
19538,32939
19539,24710
19540,59049
19541,14901
19542,36489
19543,22137
19544,68166
19545,76321
19546,13268
19547,73263
19548,75543
19549,30195
19550,54579
19551,73369
19552,78632
19553,50679
19554,52904
19555,28781
19556,22878
19557,77652
19558,98698
19559,27395
19560,36894
19561,14791
19562,70210
19563,60801
19564,78464
19565,25182
19566,10538
19567,15771
19568,87894
19569,21413
19570,71194
19571,16047
19572,23513
19573,78233
19574,50957
19575,12946
19576,85701
19577,50913
19578,93735
19579,52058
19580,36287
19581,35237
19582,47560
19583,46261
19584,79766
19585,51831
19586,67817
19587,97965
19588,25420
19589,45737
19590,29571
19591,30643
19592,45866
19593,25002
19594,11999
19595,91650
19596,83351
19597,77378
19598,23418
19599,37076
19600,81110
19601,55916
19602,82006
19603,51744
19604,45527
19605,28554
19606,85246
19607,42089
19608,32449
19609,19337
19610,50812
19611,90381
19612,54399
19613,80854
19614,68149
19615,16648
19616,27049
19617,13800
19618,71700
19619,98538
19620,16613
19621,23884
19622,60279
19623,21287
19624,61369
19625,33459
19626,88134
19627,87693
19628,92505
19629,68436
19630,90781
19631,56612
19632,50952
19633,53559
19634,35971
19635,97932
19636,20295
19637,71039
19638,84421
19639,27274
19640,22178
19641,71377
19642,22748
19643,69714
19644,50683
19645,99715
19646,94465
19647,71675
19648,40368
19649,39333
19650,28837
19651,90863
19652,43823
19653,57638
19654,61390
19655,34032
19656,97186
19657,53296
19658,52567
19659,69412
19660,73898
19661,13966
19662,18567
19663,72303
19664,24796
19665,56064
19666,72737
19667,70455
19668,32387
19669,46996
19670,55693
19671,89225
19672,85324
19673,26697
19674,76577
19675,23491
19676,63174
19677,24022
19678,52712
19679,82895
19680,95124
19681,19296
19682,79828
19683,70420
19684,62535
19685,87402
19686,64190
19687,91379
19688,41941
19689,81820
19690,30843
19691,73225
19692,60307
19693,18658
19694,54658
19695,37294
19696,87459
19697,66511
19698,67062
19699,84345
19700,54852
19701,81372
19702,40953
19703,32686
19704,96849
19705,97766
19706,20209
19707,85260
19708,24984
19709,87616
19710,88128
19711,70674
19712,52647
19713,82756
19714,22799
19715,68355
19716,33091
19717,50374
19718,63188
19719,19123
19720,88415
19721,24253
19722,99850
19723,59664
19724,52914
19725,74788
19726,94540
19727,96529
19728,18058
19729,21866
19730,38522
19731,28208
19732,93379
19733,10024
19734,29231
19735,96623
19736,69372
19737,79632
19738,48207
19739,61115
19740,90684
19741,68610
19742,35646
19743,36956
19744,99327
19745,51497
19746,49286
19747,99071
19748,49917
19749,66980
19750,55123
19751,86379
19752,11064
19753,90149
19754,76902
19755,62978
19756,26718
19757,48559
19758,18180
19759,58394
19760,81943
19761,16963
19762,10110
19763,83404
19764,57086
19765,24378
19766,46989
19767,14087
19768,40833
19769,66585
19770,87353
19771,61677
19772,91948
19773,51697
19774,60173
19775,63219
19776,60012
19777,67041
19778,81449
19779,37684
19780,96833
19781,32729
19782,72242
19783,28228
19784,34671
19785,82800
19786,60409
19787,57223
19788,64687
19789,30220
19790,47810
19791,97826
19792,26455
19793,27600
19794,11520
19795,19403
19796,94985
19797,12058
19798,28873
19799,73792
19800,67243
19801,27796
19802,21097
19803,27985
19804,94180
19805,64507
19806,69772
19807,89223
19808,65797
19809,91690
19810,33566
19811,69558
19812,76770
19813,65590
19814,68988
19815,60425
19816,56570
19817,39588
19818,34352
19819,65675
19820,89242
19821,10973
19822,85751
19823,75294
19824,41031
19825,75762
19826,45291
19827,63849
19828,81587
19829,85543
19830,58099
19831,14385
19832,14963
19833,84468
19834,73342
19835,58310
19836,24832
19837,86056
19838,73115
19839,28623
19840,78997
19841,46624
19842,70940
19843,77757
19844,20254
19845,78597
19846,21592
19847,42142
19848,92662
19849,96997
19850,97650
19851,20234
19852,99662
19853,93058
19854,80673
19855,85973
19856,50959
19857,16917
19858,55029
19859,80127
19860,11413
19861,71455
19862,69511
19863,77195
19864,71503
19865,85230
19866,53452
19867,65183
19868,56257
19869,48616
19870,47907
19871,31955
19872,14630
19873,88333
19874,49855
19875,83886
19876,44136
19877,18050
19878,92483
19879,72018
19880,85778
19881,32161
19882,85085
19883,16765
19884,96025
19885,48240
19886,13578
19887,47593
19888,73538
19889,20814
19890,26622
19891,76269
19892,20074
19893,46418
19894,43036
19895,27372
19896,90713
19897,46827
19898,46073
19899,43679
19900,11861
19901,89144
19902,32886
19903,87564
19904,29809
19905,96396
19906,68543
19907,58466
19908,32989
19909,44242
19910,40958
19911,73559
19912,33699
19913,79125
19914,14337
19915,54937
19916,21062
19917,29014
19918,88059
19919,30204
19920,75004
19921,64125
19922,60222
19923,41188
19924,96594
19925,67695
19926,93568
19927,31926
19928,37637
19929,85727
19930,55229
19931,17120
19932,44654
19933,25203
19934,16884
19935,31967
19936,70819
19937,62264
19938,72420
19939,49500
19940,72425
19941,79798
19942,40626
19943,59781
19944,99589
19945,61127
19946,44422
19947,79526
19948,66981
19949,11554
19950,47852
19951,60070
19952,98931
19953,51377
19954,79501
19955,99505
19956,22761
19957,79637
19958,93548
19959,56376
19960,66595
19961,90017
19962,95467
19963,45728
19964,53904
19965,45432
19966,45007
19967,22881
19968,43468
19969,95766
19970,61269
19971,70438
19972,98511
19973,41692
19974,98065
19975,87165
19976,35549
19977,78151
19978,54224
19979,98829
19980,33582
19981,51060
19982,81776
19983,11386
19984,98185
19985,18906
19986,22805
19987,78847
19988,23619
19989,99849
19990,68450
19991,56073
19992,38759
19993,47132
19994,43016
19995,35307
19996,14461
19997,13106
19998,91185
19999,22050
20000,87874
20001,96062
20002,38419
20003,88562
20004,25963
20005,25725
20006,89257
20007,27027
20008,59277
20009,96034
20010,94922
20011,84195
20012,34217
20013,24528
20014,34151
20015,43205
20016,48609
20017,71204
20018,96570
20019,19924
20020,93726
20021,69433
20022,46226
21263,65965
21264,52389
21265,43729
21266,19698
21267,46344
21268,18177
21269,60174
21270,60933
21271,53601
21272,17872
21273,43847
21274,44690
21275,33321
21276,67747
21277,19096
21278,74450
21279,89993
21280,61463
21281,33388
21282,94604
21283,74494
21284,24212
21285,28857
21286,80861
21287,66525
21288,38624
21289,23926
21290,67878
21291,43947
21292,14569
21293,19557
21294,19229
21295,84887
21296,42846
21297,68442
21298,12459
21299,75234
21300,29510
21301,95572
21302,93930
21303,10113
21304,14959
21305,97111
21306,61181
21307,44922
21308,29871
21309,53231
21310,61292
21311,85319
21312,10485
21313,74314
21314,72670
21315,62941
21316,19188
21317,39602
21318,10433
21319,60387
21320,73185
21321,25886
21322,80163
21323,57044
21324,53704
21325,99369
21326,62509
21327,17234
21328,92873
21329,94813
21330,21883
21331,57887
21332,80074
21333,54572
21334,20545
21335,70245
21336,48005
21337,94907
21338,36623
21339,33149
21340,82676
21341,15155
21342,60353
21343,96603
21344,35035
21345,49173
21346,61131
21347,92656
21348,73766
21349,21123
21350,92941
21351,67407
21352,34833
21353,28342
21354,14679
21355,35309
21356,13324
21357,87718
21358,41258
21359,74124
21360,60956
21361,18256
21362,80851
21363,94332
21364,50334
21365,75494
21366,79984
21367,68891
21368,12151
21369,14855
21370,54470
21371,17347
21372,54265
21373,15611
21374,63150
21375,25491
21376,37745
21377,95701
21378,97466
21379,78566
21380,70079
21381,98877
21382,29523
21383,85936
21384,40537
21385,19441
21386,14833
21387,28558
21388,74080
21389,95699
21390,12498
21391,71763
21392,91051
21393,16003
21394,41808
21395,95037
21396,27109
21397,11882
21398,32577
21399,92924
21400,16548
21401,50283
21402,22752
21403,69793
21404,90114
21405,32372
21406,87469
21407,18383
21408,23937
21409,24965
21410,75161
21411,87984
21412,90691
21413,38910
21414,18271
21415,36560
21416,65864
21417,54216
21418,62692
21419,52498
21420,25833
21421,99664
21422,85493
21423,81550
21424,28000
21425,52151
21426,37948
21427,15975
21428,87736
21429,32734
21430,53975
21431,18286
21432,45899
21433,28512
21434,64415
21435,32026
21436,58487
21437,82536
21438,31627
21439,67496
21440,41934
21441,86282
21442,15334
21443,23102
21444,92863
21445,90273
21446,59300
21447,30677
21448,12048
21449,73827
21450,20580
21451,10832
21452,33516
21453,21683
21454,87821
21455,47189
21456,64555
21457,72391
21458,26632
21459,37021
21460,28754
21461,93863
21462,45513
21463,78562
21464,69037
21465,64005
21466,32878
21467,90024
21468,14931
21469,88154
21470,33593
21471,75521
21472,90222
21473,92207
21474,49478
21475,55593
21476,64891
21477,10599
21478,83100
21479,40885
21480,35153
21481,25401
21482,79494
21483,22541
21484,91123
21485,57435
21486,80742
21487,76524
21488,38740
21489,70845
21490,92111
21491,96419
21492,37277
21493,46231
21494,35391
21495,24769
21496,99816
21497,72182
21498,75210
21499,33111
21500,30940
21501,97836
21502,15651
21503,17081
21504,94523
21505,57735
21506,37471
21507,42949
21508,53816
21509,90847
21510,69394
21511,15677
21512,23686
21513,16875
21514,80432
21515,13809
21516,73577
21517,77489
21518,25212
21519,40841
21520,68303
21521,87687
21522,85990
21523,52725
21524,64927
21525,36050
21526,98716
21527,52688
21528,40154
21529,24435
21530,39855
21531,22853
21532,41079
21533,64079
21534,36208
21535,59221
21536,38922
21537,71733
21538,86689
21539,73492
21540,17122
21541,67129
21542,28997
21543,38333
21544,89879
21545,69636
21546,33338
21547,60768
21548,58953
21549,27878
21550,69996
21551,35448
21552,92840
21553,57001
21554,45349
21555,36504
21556,54025
21557,26673
21558,14206
21559,84536
21560,17818
21561,46779
21562,27891
21563,24563
21564,71018
21565,70106
21566,64817
21567,55033
21568,38816
21569,48687
21570,89119
20198,30550
20199,93623
20200,90154
20201,32273
20202,85775
20203,82450
20204,40107
20205,21334
20206,63961
20207,78389
20208,74122
20209,38369
20210,87539
20211,72061
20212,70655
20213,46591
20214,11901
20215,66113
20216,42329
20217,42483
20218,66917
20219,85951
20220,39151
20221,29525
20222,85196
20223,10665
20224,64758
20225,15796
20226,15250
20227,71689
20228,14406
20229,72818
20230,22844
20231,69302
20232,74918
20233,41524
20234,20890
20235,83202
20236,11628
20237,63296
20238,38574
20239,27394
20240,56976
20241,48769
20242,41334
20243,94887
20244,21892
20245,12087
20246,72886
20247,97691
20248,49955
20249,31207
20250,70199
20251,84760
20252,86501
20253,13199
20254,69616
20255,28169
20256,63131
20257,34241
20258,58551
20259,92157
20260,70856
20261,93021
20262,10178
20263,92222
20264,19266
20265,53634
20266,14287
20267,48874
20268,65823
20269,45361
20270,90281
20271,81098
20272,85396
20273,37151
20274,99740
20275,20611
20276,91324
20277,54000
20278,17184
20279,77467
20280,98428
20281,57708
20282,16758
20283,24544
20284,60194
20285,57918
20286,70994
20287,91151
20288,15357
20289,57916
20290,58029
20291,32972
20292,94957
20293,83241
20294,18782
20295,83499
20296,36832
20297,53899
20298,80730
20299,24884
20300,95070
20301,72717
20302,86037
20303,37498
20304,39548
20305,52003
20306,56230
20307,45043
